sim_id,variable,GCM,RCM,rcp,ensemble,version,start,end,minimum,maximum
26011,AET,MOHC-HadGEM2-ES,KNMI-RACMO22E,rcp26,r1i1p1,v2,1970-01-01,2099-12-31,187.1,630.7
26011,AET-ww,MOHC-HadGEM2-ES,KNMI-RACMO22E,rcp26,r1i1p1,v2,1970-01-01,2099-12-31,135.8,519.7
26011,GWR,MOHC-HadGEM2-ES,KNMI-RACMO22E,rcp26,r1i1p1,v2,1970-01-01,2099-12-31,0,1571.2
26011,GWR-ww,MOHC-HadGEM2-ES,KNMI-RACMO22E,rcp26,r1i1p1,v2,1970-01-01,2099-12-31,0,1242
26011,LAI-ww,MOHC-HadGEM2-ES,KNMI-RACMO22E,rcp26,r1i1p1,v2,1970-01-01,2099-12-31,1.9,11.8
26011,SL-ww,MOHC-HadGEM2-ES,KNMI-RACMO22E,rcp26,r1i1p1,v2,1970-01-01,2099-12-31,231,341
26011,yield-ww,MOHC-HadGEM2-ES,KNMI-RACMO22E,rcp26,r1i1p1,v2,1970-01-01,2099-12-31,0,107.112
26017,AET,MOHC-HadGEM2-ES,KNMI-RACMO22E,rcp26,r1i1p1,v2,1970-01-01,2099-12-31,213.2,826.6
26017,AET-sm,MOHC-HadGEM2-ES,KNMI-RACMO22E,rcp26,r1i1p1,v2,1970-01-01,2099-12-31,80.7,658.2
26017,GWR,MOHC-HadGEM2-ES,KNMI-RACMO22E,rcp26,r1i1p1,v2,1970-01-01,2099-12-31,0,1546.6
26017,GWR-sm,MOHC-HadGEM2-ES,KNMI-RACMO22E,rcp26,r1i1p1,v2,1970-01-01,2099-12-31,0,1119.5
26017,LAI-sm,MOHC-HadGEM2-ES,KNMI-RACMO22E,rcp26,r1i1p1,v2,1970-01-01,2099-12-31,0.1,9.2
26017,SL-sm,MOHC-HadGEM2-ES,KNMI-RACMO22E,rcp26,r1i1p1,v2,1970-01-01,2099-12-31,75,159
26017,yield-sm,MOHC-HadGEM2-ES,KNMI-RACMO22E,rcp26,r1i1p1,v2,1970-01-01,2099-12-31,0.16,258.934
26021,AET,MIROC-MIROC5,CLMcom-CCLM4-8-17,rcp26,r1i1p1,v1,1970-01-01,2099-12-31,225.5,623.9
26021,AET-ww,MIROC-MIROC5,CLMcom-CCLM4-8-17,rcp26,r1i1p1,v1,1970-01-01,2099-12-31,139.8,529.2
26021,GWR,MIROC-MIROC5,CLMcom-CCLM4-8-17,rcp26,r1i1p1,v1,1970-01-01,2099-12-31,0,1631.6
26021,GWR-ww,MIROC-MIROC5,CLMcom-CCLM4-8-17,rcp26,r1i1p1,v1,1970-01-01,2099-12-31,0,1414.9
26021,LAI-ww,MIROC-MIROC5,CLMcom-CCLM4-8-17,rcp26,r1i1p1,v1,1970-01-01,2099-12-31,1.7,13.3
26021,SL-ww,MIROC-MIROC5,CLMcom-CCLM4-8-17,rcp26,r1i1p1,v1,1970-01-01,2099-12-31,233,341
26021,yield-ww,MIROC-MIROC5,CLMcom-CCLM4-8-17,rcp26,r1i1p1,v1,1970-01-01,2099-12-31,0,99.587
26027,AET,MIROC-MIROC5,CLMcom-CCLM4-8-17,rcp26,r1i1p1,v1,1970-01-01,2099-12-31,214.8,768
26027,AET-sm,MIROC-MIROC5,CLMcom-CCLM4-8-17,rcp26,r1i1p1,v1,1970-01-01,2099-12-31,76.8,628.6
26027,GWR,MIROC-MIROC5,CLMcom-CCLM4-8-17,rcp26,r1i1p1,v1,1970-01-01,2099-12-31,0,1668.3
26027,GWR-sm,MIROC-MIROC5,CLMcom-CCLM4-8-17,rcp26,r1i1p1,v1,1970-01-01,2099-12-31,0,967.5
26027,LAI-sm,MIROC-MIROC5,CLMcom-CCLM4-8-17,rcp26,r1i1p1,v1,1970-01-01,2099-12-31,0.2,9
26027,SL-sm,MIROC-MIROC5,CLMcom-CCLM4-8-17,rcp26,r1i1p1,v1,1970-01-01,2099-12-31,70,159
26027,yield-sm,MIROC-MIROC5,CLMcom-CCLM4-8-17,rcp26,r1i1p1,v1,1970-01-01,2099-12-31,7.999,231.371
26031,AET,ICHEC-EC-EARTH,CLMcom-CCLM4-8-17,rcp26,r12i1p1,v1,1970-01-01,2099-12-31,229.3,615.5
26031,AET-ww,ICHEC-EC-EARTH,CLMcom-CCLM4-8-17,rcp26,r12i1p1,v1,1970-01-01,2099-12-31,173.4,531.3
26031,GWR,ICHEC-EC-EARTH,CLMcom-CCLM4-8-17,rcp26,r12i1p1,v1,1970-01-01,2099-12-31,0,1548.2
26031,GWR-ww,ICHEC-EC-EARTH,CLMcom-CCLM4-8-17,rcp26,r12i1p1,v1,1970-01-01,2099-12-31,0,1363.1
26031,LAI-ww,ICHEC-EC-EARTH,CLMcom-CCLM4-8-17,rcp26,r12i1p1,v1,1970-01-01,2099-12-31,2.2,12.1
26031,SL-ww,ICHEC-EC-EARTH,CLMcom-CCLM4-8-17,rcp26,r12i1p1,v1,1970-01-01,2099-12-31,244,341
26031,yield-ww,ICHEC-EC-EARTH,CLMcom-CCLM4-8-17,rcp26,r12i1p1,v1,1970-01-01,2099-12-31,0,100.92
26037,AET,ICHEC-EC-EARTH,CLMcom-CCLM4-8-17,rcp26,r12i1p1,v1,1970-01-01,2099-12-31,235.1,775.8
26037,AET-sm,ICHEC-EC-EARTH,CLMcom-CCLM4-8-17,rcp26,r12i1p1,v1,1970-01-01,2099-12-31,88.1,646.7
26037,GWR,ICHEC-EC-EARTH,CLMcom-CCLM4-8-17,rcp26,r12i1p1,v1,1970-01-01,2099-12-31,0,1544.9
26037,GWR-sm,ICHEC-EC-EARTH,CLMcom-CCLM4-8-17,rcp26,r12i1p1,v1,1970-01-01,2099-12-31,0,1240
26037,LAI-sm,ICHEC-EC-EARTH,CLMcom-CCLM4-8-17,rcp26,r12i1p1,v1,1970-01-01,2099-12-31,0.2,9.6
26037,SL-sm,ICHEC-EC-EARTH,CLMcom-CCLM4-8-17,rcp26,r12i1p1,v1,1970-01-01,2099-12-31,83,159
26037,yield-sm,ICHEC-EC-EARTH,CLMcom-CCLM4-8-17,rcp26,r12i1p1,v1,1970-01-01,2099-12-31,1.09,242.995
26041,AET,ICHEC-EC-EARTH,KNMI-RACMO22E,rcp26,r12i1p1,v1,1970-01-01,2099-12-31,205.8,617.2
26041,AET-ww,ICHEC-EC-EARTH,KNMI-RACMO22E,rcp26,r12i1p1,v1,1970-01-01,2099-12-31,171.9,524
26041,GWR,ICHEC-EC-EARTH,KNMI-RACMO22E,rcp26,r12i1p1,v1,1970-01-01,2099-12-31,0,1444
26041,GWR-ww,ICHEC-EC-EARTH,KNMI-RACMO22E,rcp26,r12i1p1,v1,1970-01-01,2099-12-31,0,1305.3
26041,LAI-ww,ICHEC-EC-EARTH,KNMI-RACMO22E,rcp26,r12i1p1,v1,1970-01-01,2099-12-31,2.6,13.6
26041,SL-ww,ICHEC-EC-EARTH,KNMI-RACMO22E,rcp26,r12i1p1,v1,1970-01-01,2099-12-31,242,341
26041,yield-ww,ICHEC-EC-EARTH,KNMI-RACMO22E,rcp26,r12i1p1,v1,1970-01-01,2099-12-31,0,102.207
26047,AET,ICHEC-EC-EARTH,KNMI-RACMO22E,rcp26,r12i1p1,v1,1970-01-01,2099-12-31,222.5,790.9
26047,AET-sm,ICHEC-EC-EARTH,KNMI-RACMO22E,rcp26,r12i1p1,v1,1970-01-01,2099-12-31,85.4,621.7
26047,GWR,ICHEC-EC-EARTH,KNMI-RACMO22E,rcp26,r12i1p1,v1,1970-01-01,2099-12-31,0,1502.2
26047,GWR-sm,ICHEC-EC-EARTH,KNMI-RACMO22E,rcp26,r12i1p1,v1,1970-01-01,2099-12-31,0,1166.6
26047,LAI-sm,ICHEC-EC-EARTH,KNMI-RACMO22E,rcp26,r12i1p1,v1,1970-01-01,2099-12-31,0.1,10
26047,SL-sm,ICHEC-EC-EARTH,KNMI-RACMO22E,rcp26,r12i1p1,v1,1970-01-01,2099-12-31,80,159
26047,yield-sm,ICHEC-EC-EARTH,KNMI-RACMO22E,rcp26,r12i1p1,v1,1970-01-01,2099-12-31,0.424,240.974
26051,AET,ICHEC-EC-EARTH,SMHI-RCA4,rcp26,r12i1p1,v1,1970-01-01,2099-12-31,214.2,622.9
26051,AET-ww,ICHEC-EC-EARTH,SMHI-RCA4,rcp26,r12i1p1,v1,1970-01-01,2099-12-31,178.3,538.5
26051,GWR,ICHEC-EC-EARTH,SMHI-RCA4,rcp26,r12i1p1,v1,1970-01-01,2099-12-31,0,1537.2
26051,GWR-ww,ICHEC-EC-EARTH,SMHI-RCA4,rcp26,r12i1p1,v1,1970-01-01,2099-12-31,0,1395.7
26051,LAI-ww,ICHEC-EC-EARTH,SMHI-RCA4,rcp26,r12i1p1,v1,1970-01-01,2099-12-31,1.5,13.6
26051,SL-ww,ICHEC-EC-EARTH,SMHI-RCA4,rcp26,r12i1p1,v1,1970-01-01,2099-12-31,246,341
26051,yield-ww,ICHEC-EC-EARTH,SMHI-RCA4,rcp26,r12i1p1,v1,1970-01-01,2099-12-31,0,105.065
26057,AET,ICHEC-EC-EARTH,SMHI-RCA4,rcp26,r12i1p1,v1,1970-01-01,2099-12-31,220.6,809.6
26057,AET-sm,ICHEC-EC-EARTH,SMHI-RCA4,rcp26,r12i1p1,v1,1970-01-01,2099-12-31,124.3,628.9
26057,GWR,ICHEC-EC-EARTH,SMHI-RCA4,rcp26,r12i1p1,v1,1970-01-01,2099-12-31,0,1554.5
26057,GWR-sm,ICHEC-EC-EARTH,SMHI-RCA4,rcp26,r12i1p1,v1,1970-01-01,2099-12-31,0,1129.4
26057,LAI-sm,ICHEC-EC-EARTH,SMHI-RCA4,rcp26,r12i1p1,v1,1970-01-01,2099-12-31,0.2,9.6
26057,SL-sm,ICHEC-EC-EARTH,SMHI-RCA4,rcp26,r12i1p1,v1,1970-01-01,2099-12-31,83,158
26057,yield-sm,ICHEC-EC-EARTH,SMHI-RCA4,rcp26,r12i1p1,v1,1970-01-01,2099-12-31,3.902,235.939
26061,AET,MOHC-HadGEM2-ES,SMHI-RCA4,rcp26,r1i1p1,v1,1970-01-01,2099-12-31,220,629.9
26061,AET-ww,MOHC-HadGEM2-ES,SMHI-RCA4,rcp26,r1i1p1,v1,1970-01-01,2099-12-31,154,533.6
26061,GWR,MOHC-HadGEM2-ES,SMHI-RCA4,rcp26,r1i1p1,v1,1970-01-01,2099-12-31,0,1834.4
26061,GWR-ww,MOHC-HadGEM2-ES,SMHI-RCA4,rcp26,r1i1p1,v1,1970-01-01,2099-12-31,0,1267.5
26061,LAI-ww,MOHC-HadGEM2-ES,SMHI-RCA4,rcp26,r1i1p1,v1,1970-01-01,2099-12-31,2,15.2
26061,SL-ww,MOHC-HadGEM2-ES,SMHI-RCA4,rcp26,r1i1p1,v1,1970-01-01,2099-12-31,235,341
26061,yield-ww,MOHC-HadGEM2-ES,SMHI-RCA4,rcp26,r1i1p1,v1,1970-01-01,2099-12-31,0,105.441
26067,AET,MOHC-HadGEM2-ES,SMHI-RCA4,rcp26,r1i1p1,v1,1970-01-01,2099-12-31,201.1,798.2
26067,AET-sm,MOHC-HadGEM2-ES,SMHI-RCA4,rcp26,r1i1p1,v1,1970-01-01,2099-12-31,98.8,648.7
26067,GWR,MOHC-HadGEM2-ES,SMHI-RCA4,rcp26,r1i1p1,v1,1970-01-01,2099-12-31,0,1826
26067,GWR-sm,MOHC-HadGEM2-ES,SMHI-RCA4,rcp26,r1i1p1,v1,1970-01-01,2099-12-31,0,1146.8
26067,LAI-sm,MOHC-HadGEM2-ES,SMHI-RCA4,rcp26,r1i1p1,v1,1970-01-01,2099-12-31,0.1,9.2
26067,SL-sm,MOHC-HadGEM2-ES,SMHI-RCA4,rcp26,r1i1p1,v1,1970-01-01,2099-12-31,79,159
26067,yield-sm,MOHC-HadGEM2-ES,SMHI-RCA4,rcp26,r1i1p1,v1,1970-01-01,2099-12-31,0.27,237.451
26071,AET,MPI-M-MPI-ESM-LR,MPI-CSC-REMO2009,rcp26,r1i1p1,v1,1970-01-01,2099-12-31,195.1,620.3
26071,AET-ww,MPI-M-MPI-ESM-LR,MPI-CSC-REMO2009,rcp26,r1i1p1,v1,1970-01-01,2099-12-31,157.3,522.5
26071,GWR,MPI-M-MPI-ESM-LR,MPI-CSC-REMO2009,rcp26,r1i1p1,v1,1970-01-01,2099-12-31,0,1440.1
26071,GWR-ww,MPI-M-MPI-ESM-LR,MPI-CSC-REMO2009,rcp26,r1i1p1,v1,1970-01-01,2099-12-31,0,1519.5
26071,LAI-ww,MPI-M-MPI-ESM-LR,MPI-CSC-REMO2009,rcp26,r1i1p1,v1,1970-01-01,2099-12-31,2.2,12.1
26071,SL-ww,MPI-M-MPI-ESM-LR,MPI-CSC-REMO2009,rcp26,r1i1p1,v1,1970-01-01,2099-12-31,241,341
26071,yield-ww,MPI-M-MPI-ESM-LR,MPI-CSC-REMO2009,rcp26,r1i1p1,v1,1970-01-01,2099-12-31,0,108.461
26077,AET,MPI-M-MPI-ESM-LR,MPI-CSC-REMO2009,rcp26,r1i1p1,v1,1970-01-01,2099-12-31,221.5,779.9
26077,AET-sm,MPI-M-MPI-ESM-LR,MPI-CSC-REMO2009,rcp26,r1i1p1,v1,1970-01-01,2099-12-31,132.3,629.8
26077,GWR,MPI-M-MPI-ESM-LR,MPI-CSC-REMO2009,rcp26,r1i1p1,v1,1970-01-01,2099-12-31,0,1436.7
26077,GWR-sm,MPI-M-MPI-ESM-LR,MPI-CSC-REMO2009,rcp26,r1i1p1,v1,1970-01-01,2099-12-31,0,1082.7
26077,LAI-sm,MPI-M-MPI-ESM-LR,MPI-CSC-REMO2009,rcp26,r1i1p1,v1,1970-01-01,2099-12-31,0.2,9.3
26077,SL-sm,MPI-M-MPI-ESM-LR,MPI-CSC-REMO2009,rcp26,r1i1p1,v1,1970-01-01,2099-12-31,78,159
26077,yield-sm,MPI-M-MPI-ESM-LR,MPI-CSC-REMO2009,rcp26,r1i1p1,v1,1970-01-01,2099-12-31,2.03,241.936
26081,AET,MPI-M-MPI-ESM-LR,MPI-CSC-REMO2009,rcp26,r2i1p1,v1,1970-01-01,2099-12-31,219,626.9
26081,AET-ww,MPI-M-MPI-ESM-LR,MPI-CSC-REMO2009,rcp26,r2i1p1,v1,1970-01-01,2099-12-31,167.1,544.9
26081,GWR,MPI-M-MPI-ESM-LR,MPI-CSC-REMO2009,rcp26,r2i1p1,v1,1970-01-01,2099-12-31,0,1399.5
26081,GWR-ww,MPI-M-MPI-ESM-LR,MPI-CSC-REMO2009,rcp26,r2i1p1,v1,1970-01-01,2099-12-31,0,1332.4
26081,LAI-ww,MPI-M-MPI-ESM-LR,MPI-CSC-REMO2009,rcp26,r2i1p1,v1,1970-01-01,2099-12-31,1.9,12
26081,SL-ww,MPI-M-MPI-ESM-LR,MPI-CSC-REMO2009,rcp26,r2i1p1,v1,1970-01-01,2099-12-31,228,341
26081,yield-ww,MPI-M-MPI-ESM-LR,MPI-CSC-REMO2009,rcp26,r2i1p1,v1,1970-01-01,2099-12-31,0,104.785
26087,AET,MPI-M-MPI-ESM-LR,MPI-CSC-REMO2009,rcp26,r2i1p1,v1,1970-01-01,2099-12-31,260.6,798.7
26087,AET-sm,MPI-M-MPI-ESM-LR,MPI-CSC-REMO2009,rcp26,r2i1p1,v1,1970-01-01,2099-12-31,100.6,634.8
26087,GWR,MPI-M-MPI-ESM-LR,MPI-CSC-REMO2009,rcp26,r2i1p1,v1,1970-01-01,2099-12-31,0,1364.5
26087,GWR-sm,MPI-M-MPI-ESM-LR,MPI-CSC-REMO2009,rcp26,r2i1p1,v1,1970-01-01,2099-12-31,0,1098.3
26087,LAI-sm,MPI-M-MPI-ESM-LR,MPI-CSC-REMO2009,rcp26,r2i1p1,v1,1970-01-01,2099-12-31,0.1,9.3
26087,SL-sm,MPI-M-MPI-ESM-LR,MPI-CSC-REMO2009,rcp26,r2i1p1,v1,1970-01-01,2099-12-31,79,159
26087,yield-sm,MPI-M-MPI-ESM-LR,MPI-CSC-REMO2009,rcp26,r2i1p1,v1,1970-01-01,2099-12-31,0.369,248.534
26091,AET,MPI-M-MPI-ESM-LR,SMHI-RCA4,rcp26,r1i1p1,v1a,1970-01-01,2099-12-31,245.9,633
26091,AET-ww,MPI-M-MPI-ESM-LR,SMHI-RCA4,rcp26,r1i1p1,v1a,1970-01-01,2099-12-31,145.3,539.8
26091,GWR,MPI-M-MPI-ESM-LR,SMHI-RCA4,rcp26,r1i1p1,v1a,1970-01-01,2099-12-31,0,1796.6
26091,GWR-ww,MPI-M-MPI-ESM-LR,SMHI-RCA4,rcp26,r1i1p1,v1a,1970-01-01,2099-12-31,0,1304.7
26091,LAI-ww,MPI-M-MPI-ESM-LR,SMHI-RCA4,rcp26,r1i1p1,v1a,1970-01-01,2099-12-31,2.2,12
26091,SL-ww,MPI-M-MPI-ESM-LR,SMHI-RCA4,rcp26,r1i1p1,v1a,1970-01-01,2099-12-31,229,341
26091,yield-ww,MPI-M-MPI-ESM-LR,SMHI-RCA4,rcp26,r1i1p1,v1a,1970-01-01,2099-12-31,0,104.911
26097,AET,MPI-M-MPI-ESM-LR,SMHI-RCA4,rcp26,r1i1p1,v1a,1970-01-01,2099-12-31,243.8,790.9
26097,AET-sm,MPI-M-MPI-ESM-LR,SMHI-RCA4,rcp26,r1i1p1,v1a,1970-01-01,2099-12-31,86.1,674.4
26097,GWR,MPI-M-MPI-ESM-LR,SMHI-RCA4,rcp26,r1i1p1,v1a,1970-01-01,2099-12-31,0,1806.7
26097,GWR-sm,MPI-M-MPI-ESM-LR,SMHI-RCA4,rcp26,r1i1p1,v1a,1970-01-01,2099-12-31,0,1010.4
26097,LAI-sm,MPI-M-MPI-ESM-LR,SMHI-RCA4,rcp26,r1i1p1,v1a,1970-01-01,2099-12-31,0.2,9.6
26097,SL-sm,MPI-M-MPI-ESM-LR,SMHI-RCA4,rcp26,r1i1p1,v1a,1970-01-01,2099-12-31,69,158
26097,yield-sm,MPI-M-MPI-ESM-LR,SMHI-RCA4,rcp26,r1i1p1,v1a,1970-01-01,2099-12-31,1.023,250.95
26101,AET,MPI-M-MPI-ESM-LR,UHOH-WRF361H,rcp26,r1i1p1,v1,1970-01-01,2099-12-31,200.7,641.6
26101,AET-ww,MPI-M-MPI-ESM-LR,UHOH-WRF361H,rcp26,r1i1p1,v1,1970-01-01,2099-12-31,147,552.2
26101,GWR,MPI-M-MPI-ESM-LR,UHOH-WRF361H,rcp26,r1i1p1,v1,1970-01-01,2099-12-31,0,1559.7
26101,GWR-ww,MPI-M-MPI-ESM-LR,UHOH-WRF361H,rcp26,r1i1p1,v1,1970-01-01,2099-12-31,0,1286.1
26101,LAI-ww,MPI-M-MPI-ESM-LR,UHOH-WRF361H,rcp26,r1i1p1,v1,1970-01-01,2099-12-31,1.8,12.2
26101,SL-ww,MPI-M-MPI-ESM-LR,UHOH-WRF361H,rcp26,r1i1p1,v1,1970-01-01,2099-12-31,234,341
26101,yield-ww,MPI-M-MPI-ESM-LR,UHOH-WRF361H,rcp26,r1i1p1,v1,1970-01-01,2099-12-31,0,103.705
26107,AET,MPI-M-MPI-ESM-LR,UHOH-WRF361H,rcp26,r1i1p1,v1,1970-01-01,2099-12-31,210.7,814.1
26107,AET-sm,MPI-M-MPI-ESM-LR,UHOH-WRF361H,rcp26,r1i1p1,v1,1970-01-01,2099-12-31,81.7,639.4
26107,GWR,MPI-M-MPI-ESM-LR,UHOH-WRF361H,rcp26,r1i1p1,v1,1970-01-01,2099-12-31,0,1591.2
26107,GWR-sm,MPI-M-MPI-ESM-LR,UHOH-WRF361H,rcp26,r1i1p1,v1,1970-01-01,2099-12-31,0,1065.8
26107,LAI-sm,MPI-M-MPI-ESM-LR,UHOH-WRF361H,rcp26,r1i1p1,v1,1970-01-01,2099-12-31,0.1,8.7
26107,SL-sm,MPI-M-MPI-ESM-LR,UHOH-WRF361H,rcp26,r1i1p1,v1,1970-01-01,2099-12-31,88,159
26107,yield-sm,MPI-M-MPI-ESM-LR,UHOH-WRF361H,rcp26,r1i1p1,v1,1970-01-01,2099-12-31,0.34,234.127
45011,AET,ICHEC-EC-EARTH,KNMI-RACMO22E,rcp45,r12i1p1,v1,1970-01-01,2099-12-31,291.4,627.3
45011,AET-ww,ICHEC-EC-EARTH,KNMI-RACMO22E,rcp45,r12i1p1,v1,1970-01-01,2099-12-31,171.9,522.5
45011,GWR,ICHEC-EC-EARTH,KNMI-RACMO22E,rcp45,r12i1p1,v1,1970-01-01,2099-12-31,0,1414.6
45011,GWR-ww,ICHEC-EC-EARTH,KNMI-RACMO22E,rcp45,r12i1p1,v1,1970-01-01,2099-12-31,0,1322.6
45011,LAI-ww,ICHEC-EC-EARTH,KNMI-RACMO22E,rcp45,r12i1p1,v1,1970-01-01,2099-12-31,2.6,12.8
45011,SL-ww,ICHEC-EC-EARTH,KNMI-RACMO22E,rcp45,r12i1p1,v1,1970-01-01,2099-12-31,235,341
45011,yield-ww,ICHEC-EC-EARTH,KNMI-RACMO22E,rcp45,r12i1p1,v1,1970-01-01,2099-12-31,0,116.708
45017,AET,ICHEC-EC-EARTH,KNMI-RACMO22E,rcp45,r12i1p1,v1,1970-01-01,2099-12-31,253.4,800.3
45017,AET-sm,ICHEC-EC-EARTH,KNMI-RACMO22E,rcp45,r12i1p1,v1,1970-01-01,2099-12-31,117.6,623.5
45017,GWR,ICHEC-EC-EARTH,KNMI-RACMO22E,rcp45,r12i1p1,v1,1970-01-01,2099-12-31,0,1502.2
45017,GWR-sm,ICHEC-EC-EARTH,KNMI-RACMO22E,rcp45,r12i1p1,v1,1970-01-01,2099-12-31,0,1056.2
45017,LAI-sm,ICHEC-EC-EARTH,KNMI-RACMO22E,rcp45,r12i1p1,v1,1970-01-01,2099-12-31,0.3,9.4
45017,SL-sm,ICHEC-EC-EARTH,KNMI-RACMO22E,rcp45,r12i1p1,v1,1970-01-01,2099-12-31,74,159
45017,yield-sm,ICHEC-EC-EARTH,KNMI-RACMO22E,rcp45,r12i1p1,v1,1970-01-01,2099-12-31,4.349,247.062
45021,AET,MOHC-HadGEM2-ES,KNMI-RACMO22E,rcp45,r1i1p1,v2,1970-01-01,2099-11-30,187.1,654
45021,AET-ww,MOHC-HadGEM2-ES,KNMI-RACMO22E,rcp45,r1i1p1,v2,1970-01-01,2099-11-30,136.1,535.9
45021,GWR,MOHC-HadGEM2-ES,KNMI-RACMO22E,rcp45,r1i1p1,v2,1970-01-01,2099-11-30,0,1449.5
45021,GWR-ww,MOHC-HadGEM2-ES,KNMI-RACMO22E,rcp45,r1i1p1,v2,1970-01-01,2099-11-30,0,1312.6
45021,LAI-ww,MOHC-HadGEM2-ES,KNMI-RACMO22E,rcp45,r1i1p1,v2,1970-01-01,2099-11-30,1.9,14.3
45021,SL-ww,MOHC-HadGEM2-ES,KNMI-RACMO22E,rcp45,r1i1p1,v2,1970-01-01,2099-11-30,214,341
45021,yield-ww,MOHC-HadGEM2-ES,KNMI-RACMO22E,rcp45,r1i1p1,v2,1970-01-01,2099-11-30,0,110.928
45027,AET,MOHC-HadGEM2-ES,KNMI-RACMO22E,rcp45,r1i1p1,v2,1970-01-01,2099-11-30,245.5,827.5
45027,AET-sm,MOHC-HadGEM2-ES,KNMI-RACMO22E,rcp45,r1i1p1,v2,1970-01-01,2099-11-30,107.9,639.3
45027,GWR,MOHC-HadGEM2-ES,KNMI-RACMO22E,rcp45,r1i1p1,v2,1970-01-01,2099-11-30,0,1467.5
45027,GWR-sm,MOHC-HadGEM2-ES,KNMI-RACMO22E,rcp45,r1i1p1,v2,1970-01-01,2099-11-30,0,1119
45027,LAI-sm,MOHC-HadGEM2-ES,KNMI-RACMO22E,rcp45,r1i1p1,v2,1970-01-01,2099-11-30,0.1,9.4
45027,SL-sm,MOHC-HadGEM2-ES,KNMI-RACMO22E,rcp45,r1i1p1,v2,1970-01-01,2099-11-30,67,159
45027,yield-sm,MOHC-HadGEM2-ES,KNMI-RACMO22E,rcp45,r1i1p1,v2,1970-01-01,2099-11-30,0.231,256.052
45031,AET,MPI-M-MPI-ESM-LR,CLMcom-CCLM4-8-17,rcp45,r1i1p1,v1,1970-01-01,2099-12-31,228.7,614.5
45031,AET-ww,MPI-M-MPI-ESM-LR,CLMcom-CCLM4-8-17,rcp45,r1i1p1,v1,1970-01-01,2099-12-31,147.4,539.6
45031,GWR,MPI-M-MPI-ESM-LR,CLMcom-CCLM4-8-17,rcp45,r1i1p1,v1,1970-01-01,2099-12-31,0,1530.7
45031,GWR-ww,MPI-M-MPI-ESM-LR,CLMcom-CCLM4-8-17,rcp45,r1i1p1,v1,1970-01-01,2099-12-31,0,1368
45031,LAI-ww,MPI-M-MPI-ESM-LR,CLMcom-CCLM4-8-17,rcp45,r1i1p1,v1,1970-01-01,2099-12-31,2,16.3
45031,SL-ww,MPI-M-MPI-ESM-LR,CLMcom-CCLM4-8-17,rcp45,r1i1p1,v1,1970-01-01,2099-12-31,229,341
45031,yield-ww,MPI-M-MPI-ESM-LR,CLMcom-CCLM4-8-17,rcp45,r1i1p1,v1,1970-01-01,2099-12-31,0,105.999
45037,AET,MPI-M-MPI-ESM-LR,CLMcom-CCLM4-8-17,rcp45,r1i1p1,v1,1970-01-01,2099-12-31,238.1,748.9
45037,AET-sm,MPI-M-MPI-ESM-LR,CLMcom-CCLM4-8-17,rcp45,r1i1p1,v1,1970-01-01,2099-12-31,81.4,595.4
45037,GWR,MPI-M-MPI-ESM-LR,CLMcom-CCLM4-8-17,rcp45,r1i1p1,v1,1970-01-01,2099-12-31,0,1566.6
45037,GWR-sm,MPI-M-MPI-ESM-LR,CLMcom-CCLM4-8-17,rcp45,r1i1p1,v1,1970-01-01,2099-12-31,0,1240
45037,LAI-sm,MPI-M-MPI-ESM-LR,CLMcom-CCLM4-8-17,rcp45,r1i1p1,v1,1970-01-01,2099-12-31,0.2,9.2
45037,SL-sm,MPI-M-MPI-ESM-LR,CLMcom-CCLM4-8-17,rcp45,r1i1p1,v1,1970-01-01,2099-12-31,67,159
45037,yield-sm,MPI-M-MPI-ESM-LR,CLMcom-CCLM4-8-17,rcp45,r1i1p1,v1,1970-01-01,2099-12-31,1.235,239.407
45041,AET,ICHEC-EC-EARTH,CLMcom-CCLM4-8-17,rcp45,r12i1p1,v1,1970-01-01,2099-12-31,254.4,615.6
45041,AET-ww,ICHEC-EC-EARTH,CLMcom-CCLM4-8-17,rcp45,r12i1p1,v1,1970-01-01,2099-12-31,167.2,523.3
45041,GWR,ICHEC-EC-EARTH,CLMcom-CCLM4-8-17,rcp45,r12i1p1,v1,1970-01-01,2099-12-31,0,1526.6
45041,GWR-ww,ICHEC-EC-EARTH,CLMcom-CCLM4-8-17,rcp45,r12i1p1,v1,1970-01-01,2099-12-31,0,1364.2
45041,LAI-ww,ICHEC-EC-EARTH,CLMcom-CCLM4-8-17,rcp45,r12i1p1,v1,1970-01-01,2099-12-31,2.1,15.3
45041,SL-ww,ICHEC-EC-EARTH,CLMcom-CCLM4-8-17,rcp45,r12i1p1,v1,1970-01-01,2099-12-31,242,341
45041,yield-ww,ICHEC-EC-EARTH,CLMcom-CCLM4-8-17,rcp45,r12i1p1,v1,1970-01-01,2099-12-31,0,106.876
45047,AET,ICHEC-EC-EARTH,CLMcom-CCLM4-8-17,rcp45,r12i1p1,v1,1970-01-01,2099-12-31,255.5,747.3
45047,AET-sm,ICHEC-EC-EARTH,CLMcom-CCLM4-8-17,rcp45,r12i1p1,v1,1970-01-01,2099-12-31,88.9,616.7
45047,GWR,ICHEC-EC-EARTH,CLMcom-CCLM4-8-17,rcp45,r12i1p1,v1,1970-01-01,2099-12-31,0,1559.2
45047,GWR-sm,ICHEC-EC-EARTH,CLMcom-CCLM4-8-17,rcp45,r12i1p1,v1,1970-01-01,2099-12-31,0,1152.9
45047,LAI-sm,ICHEC-EC-EARTH,CLMcom-CCLM4-8-17,rcp45,r12i1p1,v1,1970-01-01,2099-12-31,0.2,9
45047,SL-sm,ICHEC-EC-EARTH,CLMcom-CCLM4-8-17,rcp45,r12i1p1,v1,1970-01-01,2099-12-31,83,159
45047,yield-sm,ICHEC-EC-EARTH,CLMcom-CCLM4-8-17,rcp45,r12i1p1,v1,1970-01-01,2099-12-31,1.143,245.579
45051,AET,ICHEC-EC-EARTH,KNMI-RACMO22E,rcp45,r1i1p1,v1,1970-01-01,2099-12-31,250.8,619.6
45051,AET-ww,ICHEC-EC-EARTH,KNMI-RACMO22E,rcp45,r1i1p1,v1,1970-01-01,2099-12-31,159.7,517.4
45051,GWR,ICHEC-EC-EARTH,KNMI-RACMO22E,rcp45,r1i1p1,v1,1970-01-01,2099-12-31,0,1418.4
45051,GWR-ww,ICHEC-EC-EARTH,KNMI-RACMO22E,rcp45,r1i1p1,v1,1970-01-01,2099-12-31,0,1222.6
45051,LAI-ww,ICHEC-EC-EARTH,KNMI-RACMO22E,rcp45,r1i1p1,v1,1970-01-01,2099-12-31,1.7,13.8
45051,SL-ww,ICHEC-EC-EARTH,KNMI-RACMO22E,rcp45,r1i1p1,v1,1970-01-01,2099-12-31,237,341
45051,yield-ww,ICHEC-EC-EARTH,KNMI-RACMO22E,rcp45,r1i1p1,v1,1970-01-01,2099-12-31,0,116.188
45057,AET,ICHEC-EC-EARTH,KNMI-RACMO22E,rcp45,r1i1p1,v1,1970-01-01,2099-12-31,230.9,793
45057,AET-sm,ICHEC-EC-EARTH,KNMI-RACMO22E,rcp45,r1i1p1,v1,1970-01-01,2099-12-31,84.6,616.8
45057,GWR,ICHEC-EC-EARTH,KNMI-RACMO22E,rcp45,r1i1p1,v1,1970-01-01,2099-12-31,0,1424.2
45057,GWR-sm,ICHEC-EC-EARTH,KNMI-RACMO22E,rcp45,r1i1p1,v1,1970-01-01,2099-12-31,0,1012.2
45057,LAI-sm,ICHEC-EC-EARTH,KNMI-RACMO22E,rcp45,r1i1p1,v1,1970-01-01,2099-12-31,0.2,9.4
45057,SL-sm,ICHEC-EC-EARTH,KNMI-RACMO22E,rcp45,r1i1p1,v1,1970-01-01,2099-12-31,74,159
45057,yield-sm,ICHEC-EC-EARTH,KNMI-RACMO22E,rcp45,r1i1p1,v1,1970-01-01,2099-12-31,9.76,245.464
45061,AET,ICHEC-EC-EARTH,SMHI-RCA4,rcp45,r12i1p1,v1,1970-01-01,2099-12-31,213.9,621.8
45061,AET-ww,ICHEC-EC-EARTH,SMHI-RCA4,rcp45,r12i1p1,v1,1970-01-01,2099-12-31,176.3,539.5
45061,GWR,ICHEC-EC-EARTH,SMHI-RCA4,rcp45,r12i1p1,v1,1970-01-01,2099-12-31,0,1478.9
45061,GWR-ww,ICHEC-EC-EARTH,SMHI-RCA4,rcp45,r12i1p1,v1,1970-01-01,2099-12-31,0,1311.2
45061,LAI-ww,ICHEC-EC-EARTH,SMHI-RCA4,rcp45,r12i1p1,v1,1970-01-01,2099-12-31,1.5,15.7
45061,SL-ww,ICHEC-EC-EARTH,SMHI-RCA4,rcp45,r12i1p1,v1,1970-01-01,2099-12-31,236,341
45061,yield-ww,ICHEC-EC-EARTH,SMHI-RCA4,rcp45,r12i1p1,v1,1970-01-01,2099-12-31,0,112.283
45067,AET,ICHEC-EC-EARTH,SMHI-RCA4,rcp45,r12i1p1,v1,1970-01-01,2099-12-31,220.6,805.9
45067,AET-sm,ICHEC-EC-EARTH,SMHI-RCA4,rcp45,r12i1p1,v1,1970-01-01,2099-12-31,99.5,618.3
45067,GWR,ICHEC-EC-EARTH,SMHI-RCA4,rcp45,r12i1p1,v1,1970-01-01,2099-12-31,0,1488.2
45067,GWR-sm,ICHEC-EC-EARTH,SMHI-RCA4,rcp45,r12i1p1,v1,1970-01-01,2099-12-31,0,1006.6
45067,LAI-sm,ICHEC-EC-EARTH,SMHI-RCA4,rcp45,r12i1p1,v1,1970-01-01,2099-12-31,0.2,9.2
45067,SL-sm,ICHEC-EC-EARTH,SMHI-RCA4,rcp45,r12i1p1,v1,1970-01-01,2099-12-31,67,159
45067,yield-sm,ICHEC-EC-EARTH,SMHI-RCA4,rcp45,r12i1p1,v1,1970-01-01,2099-12-31,3.875,231.662
45071,AET,IPSL-IPSL-CM5A-MR,SMHI-RCA4,rcp45,r1i1p1,v1,1970-01-01,2099-12-31,192.7,608.9
45071,AET-ww,IPSL-IPSL-CM5A-MR,SMHI-RCA4,rcp45,r1i1p1,v1,1970-01-01,2099-12-31,158.4,534.3
45071,GWR,IPSL-IPSL-CM5A-MR,SMHI-RCA4,rcp45,r1i1p1,v1,1970-01-01,2099-12-31,0,1336.9
45071,GWR-ww,IPSL-IPSL-CM5A-MR,SMHI-RCA4,rcp45,r1i1p1,v1,1970-01-01,2099-12-31,0,1214.7
45071,LAI-ww,IPSL-IPSL-CM5A-MR,SMHI-RCA4,rcp45,r1i1p1,v1,1970-01-01,2099-12-31,1.9,14.5
45071,SL-ww,IPSL-IPSL-CM5A-MR,SMHI-RCA4,rcp45,r1i1p1,v1,1970-01-01,2099-12-31,231,341
45071,yield-ww,IPSL-IPSL-CM5A-MR,SMHI-RCA4,rcp45,r1i1p1,v1,1970-01-01,2099-12-31,0,106.446
45077,AET,IPSL-IPSL-CM5A-MR,SMHI-RCA4,rcp45,r1i1p1,v1,1970-01-01,2099-12-31,221.8,789.5
45077,AET-sm,IPSL-IPSL-CM5A-MR,SMHI-RCA4,rcp45,r1i1p1,v1,1970-01-01,2099-12-31,105.6,626
45077,GWR,IPSL-IPSL-CM5A-MR,SMHI-RCA4,rcp45,r1i1p1,v1,1970-01-01,2099-12-31,0,1303.1
45077,GWR-sm,IPSL-IPSL-CM5A-MR,SMHI-RCA4,rcp45,r1i1p1,v1,1970-01-01,2099-12-31,0,1005.4
45077,LAI-sm,IPSL-IPSL-CM5A-MR,SMHI-RCA4,rcp45,r1i1p1,v1,1970-01-01,2099-12-31,0.2,9.1
45077,SL-sm,IPSL-IPSL-CM5A-MR,SMHI-RCA4,rcp45,r1i1p1,v1,1970-01-01,2099-12-31,76,159
45077,yield-sm,IPSL-IPSL-CM5A-MR,SMHI-RCA4,rcp45,r1i1p1,v1,1970-01-01,2099-12-31,1.823,237.094
45081,AET,MOHC-HadGEM2-ES,CLMcom-CCLM4-8-17,rcp45,r1i1p1,v1,1970-01-01,2099-11-30,214.7,592.5
45081,AET-ww,MOHC-HadGEM2-ES,CLMcom-CCLM4-8-17,rcp45,r1i1p1,v1,1970-01-01,2099-11-30,155.3,539.3
45081,GWR,MOHC-HadGEM2-ES,CLMcom-CCLM4-8-17,rcp45,r1i1p1,v1,1970-01-01,2099-11-30,0,1593.8
45081,GWR-ww,MOHC-HadGEM2-ES,CLMcom-CCLM4-8-17,rcp45,r1i1p1,v1,1970-01-01,2099-11-30,0,1374.8
45081,LAI-ww,MOHC-HadGEM2-ES,CLMcom-CCLM4-8-17,rcp45,r1i1p1,v1,1970-01-01,2099-11-30,2.6,15.3
45081,SL-ww,MOHC-HadGEM2-ES,CLMcom-CCLM4-8-17,rcp45,r1i1p1,v1,1970-01-01,2099-11-30,224,341
45081,yield-ww,MOHC-HadGEM2-ES,CLMcom-CCLM4-8-17,rcp45,r1i1p1,v1,1970-01-01,2099-11-30,0,103.203
45087,AET,MOHC-HadGEM2-ES,CLMcom-CCLM4-8-17,rcp45,r1i1p1,v1,1970-01-01,2099-11-30,206.7,764.4
45087,AET-sm,MOHC-HadGEM2-ES,CLMcom-CCLM4-8-17,rcp45,r1i1p1,v1,1970-01-01,2099-11-30,94.8,620.9
45087,GWR,MOHC-HadGEM2-ES,CLMcom-CCLM4-8-17,rcp45,r1i1p1,v1,1970-01-01,2099-11-30,0,1647.8
45087,GWR-sm,MOHC-HadGEM2-ES,CLMcom-CCLM4-8-17,rcp45,r1i1p1,v1,1970-01-01,2099-11-30,0,1239.9
45087,LAI-sm,MOHC-HadGEM2-ES,CLMcom-CCLM4-8-17,rcp45,r1i1p1,v1,1970-01-01,2099-11-30,0.2,8.6
45087,SL-sm,MOHC-HadGEM2-ES,CLMcom-CCLM4-8-17,rcp45,r1i1p1,v1,1970-01-01,2099-11-30,71,157
45087,yield-sm,MOHC-HadGEM2-ES,CLMcom-CCLM4-8-17,rcp45,r1i1p1,v1,1970-01-01,2099-11-30,12.902,231.293
45091,AET,MOHC-HadGEM2-ES,SMHI-RCA4,rcp45,r1i1p1,v1,1970-01-01,2099-11-30,220.3,636.4
45091,AET-ww,MOHC-HadGEM2-ES,SMHI-RCA4,rcp45,r1i1p1,v1,1970-01-01,2099-11-30,153.8,539.4
45091,GWR,MOHC-HadGEM2-ES,SMHI-RCA4,rcp45,r1i1p1,v1,1970-01-01,2099-11-30,0,1492.7
45091,GWR-ww,MOHC-HadGEM2-ES,SMHI-RCA4,rcp45,r1i1p1,v1,1970-01-01,2099-11-30,0,1371.4
45091,LAI-ww,MOHC-HadGEM2-ES,SMHI-RCA4,rcp45,r1i1p1,v1,1970-01-01,2099-11-30,2.2,12.8
45091,SL-ww,MOHC-HadGEM2-ES,SMHI-RCA4,rcp45,r1i1p1,v1,1970-01-01,2099-11-30,227,341
45091,yield-ww,MOHC-HadGEM2-ES,SMHI-RCA4,rcp45,r1i1p1,v1,1970-01-01,2099-11-30,0,108.561
45097,AET,MOHC-HadGEM2-ES,SMHI-RCA4,rcp45,r1i1p1,v1,1970-01-01,2099-11-30,201.4,783.4
45097,AET-sm,MOHC-HadGEM2-ES,SMHI-RCA4,rcp45,r1i1p1,v1,1970-01-01,2099-11-30,106.1,643.5
45097,GWR,MOHC-HadGEM2-ES,SMHI-RCA4,rcp45,r1i1p1,v1,1970-01-01,2099-11-30,0,1471.5
45097,GWR-sm,MOHC-HadGEM2-ES,SMHI-RCA4,rcp45,r1i1p1,v1,1970-01-01,2099-11-30,0,1146.3
45097,LAI-sm,MOHC-HadGEM2-ES,SMHI-RCA4,rcp45,r1i1p1,v1,1970-01-01,2099-11-30,0.1,9.3
45097,SL-sm,MOHC-HadGEM2-ES,SMHI-RCA4,rcp45,r1i1p1,v1,1970-01-01,2099-11-30,77,159
45097,yield-sm,MOHC-HadGEM2-ES,SMHI-RCA4,rcp45,r1i1p1,v1,1970-01-01,2099-11-30,0.27,241.671
45101,AET,MPI-M-MPI-ESM-LR,MPI-CSC-REMO2009,rcp45,r1i1p1,v1,1970-01-01,2099-12-31,194.9,640
45101,AET-ww,MPI-M-MPI-ESM-LR,MPI-CSC-REMO2009,rcp45,r1i1p1,v1,1970-01-01,2099-12-31,147.7,524.7
45101,GWR,MPI-M-MPI-ESM-LR,MPI-CSC-REMO2009,rcp45,r1i1p1,v1,1970-01-01,2099-12-31,0,1603.2
45101,GWR-ww,MPI-M-MPI-ESM-LR,MPI-CSC-REMO2009,rcp45,r1i1p1,v1,1970-01-01,2099-12-31,0,1406
45101,LAI-ww,MPI-M-MPI-ESM-LR,MPI-CSC-REMO2009,rcp45,r1i1p1,v1,1970-01-01,2099-12-31,1.4,13
45101,SL-ww,MPI-M-MPI-ESM-LR,MPI-CSC-REMO2009,rcp45,r1i1p1,v1,1970-01-01,2099-12-31,241,341
45101,yield-ww,MPI-M-MPI-ESM-LR,MPI-CSC-REMO2009,rcp45,r1i1p1,v1,1970-01-01,2099-12-31,0,105.52
45107,AET,MPI-M-MPI-ESM-LR,MPI-CSC-REMO2009,rcp45,r1i1p1,v1,1970-01-01,2099-12-31,236,757.1
45107,AET-sm,MPI-M-MPI-ESM-LR,MPI-CSC-REMO2009,rcp45,r1i1p1,v1,1970-01-01,2099-12-31,126.6,601.8
45107,GWR,MPI-M-MPI-ESM-LR,MPI-CSC-REMO2009,rcp45,r1i1p1,v1,1970-01-01,2099-12-31,0,1671.2
45107,GWR-sm,MPI-M-MPI-ESM-LR,MPI-CSC-REMO2009,rcp45,r1i1p1,v1,1970-01-01,2099-12-31,0,1082.5
45107,LAI-sm,MPI-M-MPI-ESM-LR,MPI-CSC-REMO2009,rcp45,r1i1p1,v1,1970-01-01,2099-12-31,0.1,9.2
45107,SL-sm,MPI-M-MPI-ESM-LR,MPI-CSC-REMO2009,rcp45,r1i1p1,v1,1970-01-01,2099-12-31,78,157
45107,yield-sm,MPI-M-MPI-ESM-LR,MPI-CSC-REMO2009,rcp45,r1i1p1,v1,1970-01-01,2099-12-31,0.481,237.806
45111,AET,MPI-M-MPI-ESM-LR,MPI-CSC-REMO2009,rcp45,r2i1p1,v1,1970-01-01,2099-12-31,202.4,617.5
45111,AET-ww,MPI-M-MPI-ESM-LR,MPI-CSC-REMO2009,rcp45,r2i1p1,v1,1970-01-01,2099-12-31,160.2,544.4
45111,GWR,MPI-M-MPI-ESM-LR,MPI-CSC-REMO2009,rcp45,r2i1p1,v1,1970-01-01,2099-12-31,0,1399.4
45111,GWR-ww,MPI-M-MPI-ESM-LR,MPI-CSC-REMO2009,rcp45,r2i1p1,v1,1970-01-01,2099-12-31,0,1298.5
45111,LAI-ww,MPI-M-MPI-ESM-LR,MPI-CSC-REMO2009,rcp45,r2i1p1,v1,1970-01-01,2099-12-31,1.9,13.6
45111,SL-ww,MPI-M-MPI-ESM-LR,MPI-CSC-REMO2009,rcp45,r2i1p1,v1,1970-01-01,2099-12-31,232,341
45111,yield-ww,MPI-M-MPI-ESM-LR,MPI-CSC-REMO2009,rcp45,r2i1p1,v1,1970-01-01,2099-12-31,0,107.757
45117,AET,MPI-M-MPI-ESM-LR,MPI-CSC-REMO2009,rcp45,r2i1p1,v1,1970-01-01,2099-12-31,217.6,758.7
45117,AET-sm,MPI-M-MPI-ESM-LR,MPI-CSC-REMO2009,rcp45,r2i1p1,v1,1970-01-01,2099-12-31,84.9,628.2
45117,GWR,MPI-M-MPI-ESM-LR,MPI-CSC-REMO2009,rcp45,r2i1p1,v1,1970-01-01,2099-12-31,0,1365.9
45117,GWR-sm,MPI-M-MPI-ESM-LR,MPI-CSC-REMO2009,rcp45,r2i1p1,v1,1970-01-01,2099-12-31,0,1022.4
45117,LAI-sm,MPI-M-MPI-ESM-LR,MPI-CSC-REMO2009,rcp45,r2i1p1,v1,1970-01-01,2099-12-31,0.1,9.3
45117,SL-sm,MPI-M-MPI-ESM-LR,MPI-CSC-REMO2009,rcp45,r2i1p1,v1,1970-01-01,2099-12-31,70,159
45117,yield-sm,MPI-M-MPI-ESM-LR,MPI-CSC-REMO2009,rcp45,r2i1p1,v1,1970-01-01,2099-12-31,0.368,246.567
45121,AET,MPI-M-MPI-ESM-LR,SMHI-RCA4,rcp45,r1i1p1,v1a,1970-01-01,2099-12-31,245.9,612.5
45121,AET-ww,MPI-M-MPI-ESM-LR,SMHI-RCA4,rcp45,r1i1p1,v1a,1970-01-01,2099-12-31,163.6,539.4
45121,GWR,MPI-M-MPI-ESM-LR,SMHI-RCA4,rcp45,r1i1p1,v1a,1970-01-01,2099-12-31,0,1651.7
45121,GWR-ww,MPI-M-MPI-ESM-LR,SMHI-RCA4,rcp45,r1i1p1,v1a,1970-01-01,2099-12-31,0,1279.2
45121,LAI-ww,MPI-M-MPI-ESM-LR,SMHI-RCA4,rcp45,r1i1p1,v1a,1970-01-01,2099-12-31,2.3,12.7
45121,SL-ww,MPI-M-MPI-ESM-LR,SMHI-RCA4,rcp45,r1i1p1,v1a,1970-01-01,2099-12-31,235,341
45121,yield-ww,MPI-M-MPI-ESM-LR,SMHI-RCA4,rcp45,r1i1p1,v1a,1970-01-01,2099-12-31,0,113.156
45127,AET,MPI-M-MPI-ESM-LR,SMHI-RCA4,rcp45,r1i1p1,v1a,1970-01-01,2099-12-31,244.7,775.3
45127,AET-sm,MPI-M-MPI-ESM-LR,SMHI-RCA4,rcp45,r1i1p1,v1a,1970-01-01,2099-12-31,76.5,619.2
45127,GWR,MPI-M-MPI-ESM-LR,SMHI-RCA4,rcp45,r1i1p1,v1a,1970-01-01,2099-12-31,0,1606.8
45127,GWR-sm,MPI-M-MPI-ESM-LR,SMHI-RCA4,rcp45,r1i1p1,v1a,1970-01-01,2099-12-31,0,1090.9
45127,LAI-sm,MPI-M-MPI-ESM-LR,SMHI-RCA4,rcp45,r1i1p1,v1a,1970-01-01,2099-12-31,0.1,9.5
45127,SL-sm,MPI-M-MPI-ESM-LR,SMHI-RCA4,rcp45,r1i1p1,v1a,1970-01-01,2099-12-31,68,159
45127,yield-sm,MPI-M-MPI-ESM-LR,SMHI-RCA4,rcp45,r1i1p1,v1a,1970-01-01,2099-12-31,0.3,238.018
85011,AET,MIROC-MIROC5,CLMcom-CCLM4-8-17,rcp85,r1i1p1,v1,1970-01-01,2099-12-31,259.2,593.1
85011,AET-ww,MIROC-MIROC5,CLMcom-CCLM4-8-17,rcp85,r1i1p1,v1,1970-01-01,2099-12-31,160.9,521.4
85011,GWR,MIROC-MIROC5,CLMcom-CCLM4-8-17,rcp85,r1i1p1,v1,1970-01-01,2099-12-31,0,1632.8
85011,GWR-ww,MIROC-MIROC5,CLMcom-CCLM4-8-17,rcp85,r1i1p1,v1,1970-01-01,2099-12-31,0,1415.9
85011,LAI-ww,MIROC-MIROC5,CLMcom-CCLM4-8-17,rcp85,r1i1p1,v1,1970-01-01,2099-12-31,2.3,11.3
85011,SL-ww,MIROC-MIROC5,CLMcom-CCLM4-8-17,rcp85,r1i1p1,v1,1970-01-01,2099-12-31,227,341
85011,yield-ww,MIROC-MIROC5,CLMcom-CCLM4-8-17,rcp85,r1i1p1,v1,1970-01-01,2099-12-31,0,113.534
85017,AET,MIROC-MIROC5,CLMcom-CCLM4-8-17,rcp85,r1i1p1,v1,1970-01-01,2099-12-31,213.7,735.5
85017,AET-sm,MIROC-MIROC5,CLMcom-CCLM4-8-17,rcp85,r1i1p1,v1,1970-01-01,2099-12-31,95,599.6
85017,GWR,MIROC-MIROC5,CLMcom-CCLM4-8-17,rcp85,r1i1p1,v1,1970-01-01,2099-12-31,0,1670
85017,GWR-sm,MIROC-MIROC5,CLMcom-CCLM4-8-17,rcp85,r1i1p1,v1,1970-01-01,2099-12-31,0,968.2
85017,LAI-sm,MIROC-MIROC5,CLMcom-CCLM4-8-17,rcp85,r1i1p1,v1,1970-01-01,2099-12-31,0.2,9
85017,SL-sm,MIROC-MIROC5,CLMcom-CCLM4-8-17,rcp85,r1i1p1,v1,1970-01-01,2099-12-31,75,159
85017,yield-sm,MIROC-MIROC5,CLMcom-CCLM4-8-17,rcp85,r1i1p1,v1,1970-01-01,2099-12-31,3.546,234.35
85021,AET,MOHC-HadGEM2-ES,KNMI-RACMO22E,rcp85,r1i1p1,v2,1970-01-01,2099-12-31,187,633.7
85021,AET-ww,MOHC-HadGEM2-ES,KNMI-RACMO22E,rcp85,r1i1p1,v2,1970-01-01,2099-12-31,136.1,525.5
85021,GWR,MOHC-HadGEM2-ES,KNMI-RACMO22E,rcp85,r1i1p1,v2,1970-01-01,2099-12-31,0,1616.9
85021,GWR-ww,MOHC-HadGEM2-ES,KNMI-RACMO22E,rcp85,r1i1p1,v2,1970-01-01,2099-12-31,0,1299.6
85021,LAI-ww,MOHC-HadGEM2-ES,KNMI-RACMO22E,rcp85,r1i1p1,v2,1970-01-01,2099-12-31,2,12
85021,SL-ww,MOHC-HadGEM2-ES,KNMI-RACMO22E,rcp85,r1i1p1,v2,1970-01-01,2099-12-31,217,341
85021,yield-ww,MOHC-HadGEM2-ES,KNMI-RACMO22E,rcp85,r1i1p1,v2,1970-01-01,2099-12-31,0,115.047
85027,AET,MOHC-HadGEM2-ES,KNMI-RACMO22E,rcp85,r1i1p1,v2,1970-01-01,2099-12-31,244.3,809.1
85027,AET-sm,MOHC-HadGEM2-ES,KNMI-RACMO22E,rcp85,r1i1p1,v2,1970-01-01,2099-12-31,107.9,626.8
85027,GWR,MOHC-HadGEM2-ES,KNMI-RACMO22E,rcp85,r1i1p1,v2,1970-01-01,2099-12-31,0,1540.4
85027,GWR-sm,MOHC-HadGEM2-ES,KNMI-RACMO22E,rcp85,r1i1p1,v2,1970-01-01,2099-12-31,0,1119.9
85027,LAI-sm,MOHC-HadGEM2-ES,KNMI-RACMO22E,rcp85,r1i1p1,v2,1970-01-01,2099-12-31,0.1,9.1
85027,SL-sm,MOHC-HadGEM2-ES,KNMI-RACMO22E,rcp85,r1i1p1,v2,1970-01-01,2099-12-31,70,159
85027,yield-sm,MOHC-HadGEM2-ES,KNMI-RACMO22E,rcp85,r1i1p1,v2,1970-01-01,2099-12-31,0.231,252.573
85031,AET,CCCma-CanESM2,CLMcom-CCLM4-8-17,rcp85,r1i1p1,v1,1970-01-01,2099-12-31,166.8,627.9
85031,AET-ww,CCCma-CanESM2,CLMcom-CCLM4-8-17,rcp85,r1i1p1,v1,1970-01-01,2099-12-31,150.3,523.2
85031,GWR,CCCma-CanESM2,CLMcom-CCLM4-8-17,rcp85,r1i1p1,v1,1970-01-01,2099-12-31,0,1620.2
85031,GWR-ww,CCCma-CanESM2,CLMcom-CCLM4-8-17,rcp85,r1i1p1,v1,1970-01-01,2099-12-31,0,1295.2
85031,LAI-ww,CCCma-CanESM2,CLMcom-CCLM4-8-17,rcp85,r1i1p1,v1,1970-01-01,2099-12-31,2.4,11.8
85031,SL-ww,CCCma-CanESM2,CLMcom-CCLM4-8-17,rcp85,r1i1p1,v1,1970-01-01,2099-12-31,228,341
85031,yield-ww,CCCma-CanESM2,CLMcom-CCLM4-8-17,rcp85,r1i1p1,v1,1970-01-01,2099-12-31,0,103.988
85037,AET,CCCma-CanESM2,CLMcom-CCLM4-8-17,rcp85,r1i1p1,v1,1970-01-01,2099-12-31,169.9,747.7
85037,AET-sm,CCCma-CanESM2,CLMcom-CCLM4-8-17,rcp85,r1i1p1,v1,1970-01-01,2099-12-31,70.5,590.9
85037,GWR,CCCma-CanESM2,CLMcom-CCLM4-8-17,rcp85,r1i1p1,v1,1970-01-01,2099-12-31,0,1625.1
85037,GWR-sm,CCCma-CanESM2,CLMcom-CCLM4-8-17,rcp85,r1i1p1,v1,1970-01-01,2099-12-31,0,1131.3
85037,LAI-sm,CCCma-CanESM2,CLMcom-CCLM4-8-17,rcp85,r1i1p1,v1,1970-01-01,2099-12-31,0.1,9
85037,SL-sm,CCCma-CanESM2,CLMcom-CCLM4-8-17,rcp85,r1i1p1,v1,1970-01-01,2099-12-31,61,158
85037,yield-sm,CCCma-CanESM2,CLMcom-CCLM4-8-17,rcp85,r1i1p1,v1,1970-01-01,2099-12-31,2.912,240.767
85041,AET,CCCma-CanESM2,GERICS-REMO2015,rcp85,r1i1p1,v1,1970-01-01,2099-12-31,284.1,607.5
85041,AET-ww,CCCma-CanESM2,GERICS-REMO2015,rcp85,r1i1p1,v1,1970-01-01,2099-12-31,162.3,537.2
85041,GWR,CCCma-CanESM2,GERICS-REMO2015,rcp85,r1i1p1,v1,1970-01-01,2099-12-31,0,1603.7
85041,GWR-ww,CCCma-CanESM2,GERICS-REMO2015,rcp85,r1i1p1,v1,1970-01-01,2099-12-31,0,1573
85041,LAI-ww,CCCma-CanESM2,GERICS-REMO2015,rcp85,r1i1p1,v1,1970-01-01,2099-12-31,2.8,10.2
85041,SL-ww,CCCma-CanESM2,GERICS-REMO2015,rcp85,r1i1p1,v1,1970-01-01,2099-12-31,229,341
85041,yield-ww,CCCma-CanESM2,GERICS-REMO2015,rcp85,r1i1p1,v1,1970-01-01,2099-12-31,1.574,110.307
85047,AET,CCCma-CanESM2,GERICS-REMO2015,rcp85,r1i1p1,v1,1970-01-01,2099-12-31,257.2,764.9
85047,AET-sm,CCCma-CanESM2,GERICS-REMO2015,rcp85,r1i1p1,v1,1970-01-01,2099-12-31,100.1,610.4
85047,GWR,CCCma-CanESM2,GERICS-REMO2015,rcp85,r1i1p1,v1,1970-01-01,2099-12-31,0,1470.2
85047,GWR-sm,CCCma-CanESM2,GERICS-REMO2015,rcp85,r1i1p1,v1,1970-01-01,2099-12-31,0,926.7
85047,LAI-sm,CCCma-CanESM2,GERICS-REMO2015,rcp85,r1i1p1,v1,1970-01-01,2099-12-31,0.3,9.2
85047,SL-sm,CCCma-CanESM2,GERICS-REMO2015,rcp85,r1i1p1,v1,1970-01-01,2099-12-31,72,159
85047,yield-sm,CCCma-CanESM2,GERICS-REMO2015,rcp85,r1i1p1,v1,1970-01-01,2099-12-31,3.717,239.565
85051,AET,ICHEC-EC-EARTH,CLMcom-CCLM4-8-17,rcp85,r12i1p1,v1,1970-01-01,2099-12-31,222,615.1
85051,AET-ww,ICHEC-EC-EARTH,CLMcom-CCLM4-8-17,rcp85,r12i1p1,v1,1970-01-01,2099-12-31,151.3,522.2
85051,GWR,ICHEC-EC-EARTH,CLMcom-CCLM4-8-17,rcp85,r12i1p1,v1,1970-01-01,2099-12-31,0,1650.8
85051,GWR-ww,ICHEC-EC-EARTH,CLMcom-CCLM4-8-17,rcp85,r12i1p1,v1,1970-01-01,2099-12-31,0,1400.3
85051,LAI-ww,ICHEC-EC-EARTH,CLMcom-CCLM4-8-17,rcp85,r12i1p1,v1,1970-01-01,2099-12-31,2.1,12.9
85051,SL-ww,ICHEC-EC-EARTH,CLMcom-CCLM4-8-17,rcp85,r12i1p1,v1,1970-01-01,2099-12-31,237,341
85051,yield-ww,ICHEC-EC-EARTH,CLMcom-CCLM4-8-17,rcp85,r12i1p1,v1,1970-01-01,2099-12-31,0,110.713
85057,AET,ICHEC-EC-EARTH,CLMcom-CCLM4-8-17,rcp85,r12i1p1,v1,1970-01-01,2099-12-31,226.9,754.4
85057,AET-sm,ICHEC-EC-EARTH,CLMcom-CCLM4-8-17,rcp85,r12i1p1,v1,1970-01-01,2099-12-31,69.2,616.1
85057,GWR,ICHEC-EC-EARTH,CLMcom-CCLM4-8-17,rcp85,r12i1p1,v1,1970-01-01,2099-12-31,0,1695.1
85057,GWR-sm,ICHEC-EC-EARTH,CLMcom-CCLM4-8-17,rcp85,r12i1p1,v1,1970-01-01,2099-12-31,0,1154.1
85057,LAI-sm,ICHEC-EC-EARTH,CLMcom-CCLM4-8-17,rcp85,r12i1p1,v1,1970-01-01,2099-12-31,0.1,8.9
85057,SL-sm,ICHEC-EC-EARTH,CLMcom-CCLM4-8-17,rcp85,r12i1p1,v1,1970-01-01,2099-12-31,77,159
85057,yield-sm,ICHEC-EC-EARTH,CLMcom-CCLM4-8-17,rcp85,r12i1p1,v1,1970-01-01,2099-12-31,0.199,244.739
85061,AET,ICHEC-EC-EARTH,GERICS-REMO2015,rcp85,r12i1p1,v1,1970-01-01,2099-12-31,256.2,595.5
85061,AET-ww,ICHEC-EC-EARTH,GERICS-REMO2015,rcp85,r12i1p1,v1,1970-01-01,2099-12-31,178.4,518.5
85061,GWR,ICHEC-EC-EARTH,GERICS-REMO2015,rcp85,r12i1p1,v1,1970-01-01,2099-12-31,0,1376.5
85061,GWR-ww,ICHEC-EC-EARTH,GERICS-REMO2015,rcp85,r12i1p1,v1,1970-01-01,2099-12-31,0,1154.1
85061,LAI-ww,ICHEC-EC-EARTH,GERICS-REMO2015,rcp85,r12i1p1,v1,1970-01-01,2099-12-31,1.2,12.1
85061,SL-ww,ICHEC-EC-EARTH,GERICS-REMO2015,rcp85,r12i1p1,v1,1970-01-01,2099-12-31,234,341
85061,yield-ww,ICHEC-EC-EARTH,GERICS-REMO2015,rcp85,r12i1p1,v1,1970-01-01,2099-12-31,0,109.726
85067,AET,ICHEC-EC-EARTH,GERICS-REMO2015,rcp85,r12i1p1,v1,1970-01-01,2099-12-31,259.7,782.5
85067,AET-sm,ICHEC-EC-EARTH,GERICS-REMO2015,rcp85,r12i1p1,v1,1970-01-01,2099-12-31,83.7,635.2
85067,GWR,ICHEC-EC-EARTH,GERICS-REMO2015,rcp85,r12i1p1,v1,1970-01-01,2099-12-31,0,1342.8
85067,GWR-sm,ICHEC-EC-EARTH,GERICS-REMO2015,rcp85,r12i1p1,v1,1970-01-01,2099-12-31,0,1019.2
85067,LAI-sm,ICHEC-EC-EARTH,GERICS-REMO2015,rcp85,r12i1p1,v1,1970-01-01,2099-12-31,0.2,9
85067,SL-sm,ICHEC-EC-EARTH,GERICS-REMO2015,rcp85,r12i1p1,v1,1970-01-01,2099-12-31,78,159
85067,yield-sm,ICHEC-EC-EARTH,GERICS-REMO2015,rcp85,r12i1p1,v1,1970-01-01,2099-12-31,1.071,247.744
85071,AET,ICHEC-EC-EARTH,KNMI-RACMO22E,rcp85,r1i1p1,v1,1970-01-01,2099-12-31,270.5,618.4
85071,AET-ww,ICHEC-EC-EARTH,KNMI-RACMO22E,rcp85,r1i1p1,v1,1970-01-01,2099-12-31,139.6,540.1
85071,GWR,ICHEC-EC-EARTH,KNMI-RACMO22E,rcp85,r1i1p1,v1,1970-01-01,2099-12-31,0,1642.1
85071,GWR-ww,ICHEC-EC-EARTH,KNMI-RACMO22E,rcp85,r1i1p1,v1,1970-01-01,2099-12-31,0,1302.6
85071,LAI-ww,ICHEC-EC-EARTH,KNMI-RACMO22E,rcp85,r1i1p1,v1,1970-01-01,2099-12-31,1.8,13.9
85071,SL-ww,ICHEC-EC-EARTH,KNMI-RACMO22E,rcp85,r1i1p1,v1,1970-01-01,2099-12-31,234,341
85071,yield-ww,ICHEC-EC-EARTH,KNMI-RACMO22E,rcp85,r1i1p1,v1,1970-01-01,2099-12-31,0,126.794
85077,AET,ICHEC-EC-EARTH,KNMI-RACMO22E,rcp85,r1i1p1,v1,1970-01-01,2099-12-31,229.9,805.8
85077,AET-sm,ICHEC-EC-EARTH,KNMI-RACMO22E,rcp85,r1i1p1,v1,1970-01-01,2099-12-31,124,622.4
85077,GWR,ICHEC-EC-EARTH,KNMI-RACMO22E,rcp85,r1i1p1,v1,1970-01-01,2099-12-31,0,1620.4
85077,GWR-sm,ICHEC-EC-EARTH,KNMI-RACMO22E,rcp85,r1i1p1,v1,1970-01-01,2099-12-31,0,1013.4
85077,LAI-sm,ICHEC-EC-EARTH,KNMI-RACMO22E,rcp85,r1i1p1,v1,1970-01-01,2099-12-31,0.1,9.4
85077,SL-sm,ICHEC-EC-EARTH,KNMI-RACMO22E,rcp85,r1i1p1,v1,1970-01-01,2099-12-31,74,159
85077,yield-sm,ICHEC-EC-EARTH,KNMI-RACMO22E,rcp85,r1i1p1,v1,1970-01-01,2099-12-31,1.12,250.759
85081,AET,ICHEC-EC-EARTH,KNMI-RACMO22E,rcp85,r12i1p1,v1,1970-01-01,2099-12-31,291.4,614.4
85081,AET-ww,ICHEC-EC-EARTH,KNMI-RACMO22E,rcp85,r12i1p1,v1,1970-01-01,2099-12-31,171.8,528.9
85081,GWR,ICHEC-EC-EARTH,KNMI-RACMO22E,rcp85,r12i1p1,v1,1970-01-01,2099-12-31,0,1475.3
85081,GWR-ww,ICHEC-EC-EARTH,KNMI-RACMO22E,rcp85,r12i1p1,v1,1970-01-01,2099-12-31,0,1367.1
85081,LAI-ww,ICHEC-EC-EARTH,KNMI-RACMO22E,rcp85,r12i1p1,v1,1970-01-01,2099-12-31,1.7,10.7
85081,SL-ww,ICHEC-EC-EARTH,KNMI-RACMO22E,rcp85,r12i1p1,v1,1970-01-01,2099-12-31,234,341
85081,yield-ww,ICHEC-EC-EARTH,KNMI-RACMO22E,rcp85,r12i1p1,v1,1970-01-01,2099-12-31,0,119.078
85087,AET,ICHEC-EC-EARTH,KNMI-RACMO22E,rcp85,r12i1p1,v1,1970-01-01,2099-12-31,253.2,785.4
85087,AET-sm,ICHEC-EC-EARTH,KNMI-RACMO22E,rcp85,r12i1p1,v1,1970-01-01,2099-12-31,137.6,621.7
85087,GWR,ICHEC-EC-EARTH,KNMI-RACMO22E,rcp85,r12i1p1,v1,1970-01-01,2099-12-31,0,1528.8
85087,GWR-sm,ICHEC-EC-EARTH,KNMI-RACMO22E,rcp85,r12i1p1,v1,1970-01-01,2099-12-31,0,1030.7
85087,LAI-sm,ICHEC-EC-EARTH,KNMI-RACMO22E,rcp85,r12i1p1,v1,1970-01-01,2099-12-31,0.3,9.1
85087,SL-sm,ICHEC-EC-EARTH,KNMI-RACMO22E,rcp85,r12i1p1,v1,1970-01-01,2099-12-31,74,159
85087,yield-sm,ICHEC-EC-EARTH,KNMI-RACMO22E,rcp85,r12i1p1,v1,1970-01-01,2099-12-31,4.401,256.079
85091,AET,ICHEC-EC-EARTH,SMHI-RCA4,rcp85,r12i1p1,v1,1970-01-01,2099-12-31,213.9,621
85091,AET-ww,ICHEC-EC-EARTH,SMHI-RCA4,rcp85,r12i1p1,v1,1970-01-01,2099-12-31,168.3,538.2
85091,GWR,ICHEC-EC-EARTH,SMHI-RCA4,rcp85,r12i1p1,v1,1970-01-01,2099-12-31,0,1748.5
85091,GWR-ww,ICHEC-EC-EARTH,SMHI-RCA4,rcp85,r12i1p1,v1,1970-01-01,2099-12-31,0,1412.4
85091,LAI-ww,ICHEC-EC-EARTH,SMHI-RCA4,rcp85,r12i1p1,v1,1970-01-01,2099-12-31,1.5,14.3
85091,SL-ww,ICHEC-EC-EARTH,SMHI-RCA4,rcp85,r12i1p1,v1,1970-01-01,2099-12-31,220,341
85091,yield-ww,ICHEC-EC-EARTH,SMHI-RCA4,rcp85,r12i1p1,v1,1970-01-01,2099-12-31,0,116.311
85097,AET,ICHEC-EC-EARTH,SMHI-RCA4,rcp85,r12i1p1,v1,1970-01-01,2099-12-31,219.8,805.6
85097,AET-sm,ICHEC-EC-EARTH,SMHI-RCA4,rcp85,r12i1p1,v1,1970-01-01,2099-12-31,111.9,618
85097,GWR,ICHEC-EC-EARTH,SMHI-RCA4,rcp85,r12i1p1,v1,1970-01-01,2099-12-31,0,1709
85097,GWR-sm,ICHEC-EC-EARTH,SMHI-RCA4,rcp85,r12i1p1,v1,1970-01-01,2099-12-31,0,1007.1
85097,LAI-sm,ICHEC-EC-EARTH,SMHI-RCA4,rcp85,r12i1p1,v1,1970-01-01,2099-12-31,0.1,9.4
85097,SL-sm,ICHEC-EC-EARTH,SMHI-RCA4,rcp85,r12i1p1,v1,1970-01-01,2099-12-31,70,159
85097,yield-sm,ICHEC-EC-EARTH,SMHI-RCA4,rcp85,r12i1p1,v1,1970-01-01,2099-12-31,1.523,236.243
85101,AET,IPSL-IPSL-CM5A-MR,SMHI-RCA4,rcp85,r1i1p1,v1,1970-01-01,2099-12-31,192.4,614.3
85101,AET-ww,IPSL-IPSL-CM5A-MR,SMHI-RCA4,rcp85,r1i1p1,v1,1970-01-01,2099-12-31,158.1,523.4
85101,GWR,IPSL-IPSL-CM5A-MR,SMHI-RCA4,rcp85,r1i1p1,v1,1970-01-01,2099-12-31,0,1558.1
85101,GWR-ww,IPSL-IPSL-CM5A-MR,SMHI-RCA4,rcp85,r1i1p1,v1,1970-01-01,2099-12-31,0,1298.9
85101,LAI-ww,IPSL-IPSL-CM5A-MR,SMHI-RCA4,rcp85,r1i1p1,v1,1970-01-01,2099-12-31,1.9,16.3
85101,SL-ww,IPSL-IPSL-CM5A-MR,SMHI-RCA4,rcp85,r1i1p1,v1,1970-01-01,2099-12-31,228,341
85101,yield-ww,IPSL-IPSL-CM5A-MR,SMHI-RCA4,rcp85,r1i1p1,v1,1970-01-01,2099-12-31,0,119.595
85107,AET,IPSL-IPSL-CM5A-MR,SMHI-RCA4,rcp85,r1i1p1,v1,1970-01-01,2099-12-31,220.9,760.8
85107,AET-sm,IPSL-IPSL-CM5A-MR,SMHI-RCA4,rcp85,r1i1p1,v1,1970-01-01,2099-12-31,94.4,596.8
85107,GWR,IPSL-IPSL-CM5A-MR,SMHI-RCA4,rcp85,r1i1p1,v1,1970-01-01,2099-12-31,0,1504.1
85107,GWR-sm,IPSL-IPSL-CM5A-MR,SMHI-RCA4,rcp85,r1i1p1,v1,1970-01-01,2099-12-31,0,1212.6
85107,LAI-sm,IPSL-IPSL-CM5A-MR,SMHI-RCA4,rcp85,r1i1p1,v1,1970-01-01,2099-12-31,0.2,9.3
85107,SL-sm,IPSL-IPSL-CM5A-MR,SMHI-RCA4,rcp85,r1i1p1,v1,1970-01-01,2099-12-31,63,159
85107,yield-sm,IPSL-IPSL-CM5A-MR,SMHI-RCA4,rcp85,r1i1p1,v1,1970-01-01,2099-12-31,1.833,245.978
85111,AET,MIROC-MIROC5,GERICS-REMO2015,rcp85,r1i1p1,v1,1970-01-01,2099-12-31,237.2,630.9
85111,AET-ww,MIROC-MIROC5,GERICS-REMO2015,rcp85,r1i1p1,v1,1970-01-01,2099-12-31,172.6,516.3
85111,GWR,MIROC-MIROC5,GERICS-REMO2015,rcp85,r1i1p1,v1,1970-01-01,2099-12-31,0,1434.1
85111,GWR-ww,MIROC-MIROC5,GERICS-REMO2015,rcp85,r1i1p1,v1,1970-01-01,2099-12-31,0,1340.4
85111,LAI-ww,MIROC-MIROC5,GERICS-REMO2015,rcp85,r1i1p1,v1,1970-01-01,2099-12-31,2.7,10.9
85111,SL-ww,MIROC-MIROC5,GERICS-REMO2015,rcp85,r1i1p1,v1,1970-01-01,2099-12-31,225,341
85111,yield-ww,MIROC-MIROC5,GERICS-REMO2015,rcp85,r1i1p1,v1,1970-01-01,2099-12-31,0,109.09
85117,AET,MIROC-MIROC5,GERICS-REMO2015,rcp85,r1i1p1,v1,1970-01-01,2099-12-31,205.4,778.8
85117,AET-sm,MIROC-MIROC5,GERICS-REMO2015,rcp85,r1i1p1,v1,1970-01-01,2099-12-31,105.1,605.2
85117,GWR,MIROC-MIROC5,GERICS-REMO2015,rcp85,r1i1p1,v1,1970-01-01,2099-12-31,0,1405.7
85117,GWR-sm,MIROC-MIROC5,GERICS-REMO2015,rcp85,r1i1p1,v1,1970-01-01,2099-12-31,0,949.4
85117,LAI-sm,MIROC-MIROC5,GERICS-REMO2015,rcp85,r1i1p1,v1,1970-01-01,2099-12-31,0.2,9.3
85117,SL-sm,MIROC-MIROC5,GERICS-REMO2015,rcp85,r1i1p1,v1,1970-01-01,2099-12-31,79,159
85117,yield-sm,MIROC-MIROC5,GERICS-REMO2015,rcp85,r1i1p1,v1,1970-01-01,2099-12-31,1.231,232.445
85121,AET,MOHC-HadGEM2-ES,CLMcom-CCLM4-8-17,rcp85,r1i1p1,v1,1970-01-01,2099-12-31,214.4,612.2
85121,AET-ww,MOHC-HadGEM2-ES,CLMcom-CCLM4-8-17,rcp85,r1i1p1,v1,1970-01-01,2099-12-31,144.8,537.9
85121,GWR,MOHC-HadGEM2-ES,CLMcom-CCLM4-8-17,rcp85,r1i1p1,v1,1970-01-01,2099-12-31,0,1594.6
85121,GWR-ww,MOHC-HadGEM2-ES,CLMcom-CCLM4-8-17,rcp85,r1i1p1,v1,1970-01-01,2099-12-31,0,1353.5
85121,LAI-ww,MOHC-HadGEM2-ES,CLMcom-CCLM4-8-17,rcp85,r1i1p1,v1,1970-01-01,2099-12-31,2.3,11.6
85121,SL-ww,MOHC-HadGEM2-ES,CLMcom-CCLM4-8-17,rcp85,r1i1p1,v1,1970-01-01,2099-12-31,213,341
85121,yield-ww,MOHC-HadGEM2-ES,CLMcom-CCLM4-8-17,rcp85,r1i1p1,v1,1970-01-01,2099-12-31,0,103.724
85127,AET,MOHC-HadGEM2-ES,CLMcom-CCLM4-8-17,rcp85,r1i1p1,v1,1970-01-01,2099-12-31,205.1,768.2
85127,AET-sm,MOHC-HadGEM2-ES,CLMcom-CCLM4-8-17,rcp85,r1i1p1,v1,1970-01-01,2099-12-31,63.9,597.8
85127,GWR,MOHC-HadGEM2-ES,CLMcom-CCLM4-8-17,rcp85,r1i1p1,v1,1970-01-01,2099-12-31,0,1648.9
85127,GWR-sm,MOHC-HadGEM2-ES,CLMcom-CCLM4-8-17,rcp85,r1i1p1,v1,1970-01-01,2099-12-31,0,1239.9
85127,LAI-sm,MOHC-HadGEM2-ES,CLMcom-CCLM4-8-17,rcp85,r1i1p1,v1,1970-01-01,2099-12-31,0.1,8.5
85127,SL-sm,MOHC-HadGEM2-ES,CLMcom-CCLM4-8-17,rcp85,r1i1p1,v1,1970-01-01,2099-12-31,65,156
85127,yield-sm,MOHC-HadGEM2-ES,CLMcom-CCLM4-8-17,rcp85,r1i1p1,v1,1970-01-01,2099-12-31,1.067,227.82
85131,AET,MOHC-HadGEM2-ES,GERICS-REMO2015,rcp85,r1i1p1,v1,1970-01-01,2099-12-31,238.8,618.9
85131,AET-ww,MOHC-HadGEM2-ES,GERICS-REMO2015,rcp85,r1i1p1,v1,1970-01-01,2099-12-31,157.9,510.2
85131,GWR,MOHC-HadGEM2-ES,GERICS-REMO2015,rcp85,r1i1p1,v1,1970-01-01,2099-12-31,0,1458.2
85131,GWR-ww,MOHC-HadGEM2-ES,GERICS-REMO2015,rcp85,r1i1p1,v1,1970-01-01,2099-12-31,0,1089.6
85131,LAI-ww,MOHC-HadGEM2-ES,GERICS-REMO2015,rcp85,r1i1p1,v1,1970-01-01,2099-12-31,1.9,12.7
85131,SL-ww,MOHC-HadGEM2-ES,GERICS-REMO2015,rcp85,r1i1p1,v1,1970-01-01,2099-12-31,211,341
85131,yield-ww,MOHC-HadGEM2-ES,GERICS-REMO2015,rcp85,r1i1p1,v1,1970-01-01,2099-12-31,0,101.987
85137,AET,MOHC-HadGEM2-ES,GERICS-REMO2015,rcp85,r1i1p1,v1,1970-01-01,2099-12-31,208.3,791.6
85137,AET-sm,MOHC-HadGEM2-ES,GERICS-REMO2015,rcp85,r1i1p1,v1,1970-01-01,2099-12-31,85.6,618.5
85137,GWR,MOHC-HadGEM2-ES,GERICS-REMO2015,rcp85,r1i1p1,v1,1970-01-01,2099-12-31,0,1509.7
85137,GWR-sm,MOHC-HadGEM2-ES,GERICS-REMO2015,rcp85,r1i1p1,v1,1970-01-01,2099-12-31,0,1108.4
85137,LAI-sm,MOHC-HadGEM2-ES,GERICS-REMO2015,rcp85,r1i1p1,v1,1970-01-01,2099-12-31,0.2,9
85137,SL-sm,MOHC-HadGEM2-ES,GERICS-REMO2015,rcp85,r1i1p1,v1,1970-01-01,2099-12-31,68,159
85137,yield-sm,MOHC-HadGEM2-ES,GERICS-REMO2015,rcp85,r1i1p1,v1,1970-01-01,2099-12-31,1.302,245.894
85141,AET,MOHC-HadGEM2-ES,SMHI-RCA4,rcp85,r1i1p1,v1,1970-01-01,2099-12-31,219.8,594.2
85141,AET-ww,MOHC-HadGEM2-ES,SMHI-RCA4,rcp85,r1i1p1,v1,1970-01-01,2099-12-31,139.3,532.4
85141,GWR,MOHC-HadGEM2-ES,SMHI-RCA4,rcp85,r1i1p1,v1,1970-01-01,2099-12-31,0,1568.2
85141,GWR-ww,MOHC-HadGEM2-ES,SMHI-RCA4,rcp85,r1i1p1,v1,1970-01-01,2099-12-31,0,1367.1
85141,LAI-ww,MOHC-HadGEM2-ES,SMHI-RCA4,rcp85,r1i1p1,v1,1970-01-01,2099-12-31,2.2,11.8
85141,SL-ww,MOHC-HadGEM2-ES,SMHI-RCA4,rcp85,r1i1p1,v1,1970-01-01,2099-12-31,211,341
85141,yield-ww,MOHC-HadGEM2-ES,SMHI-RCA4,rcp85,r1i1p1,v1,1970-01-01,2099-12-31,0,110.4
85147,AET,MOHC-HadGEM2-ES,SMHI-RCA4,rcp85,r1i1p1,v1,1970-01-01,2099-12-31,200.6,778.8
85147,AET-sm,MOHC-HadGEM2-ES,SMHI-RCA4,rcp85,r1i1p1,v1,1970-01-01,2099-12-31,102.3,631.1
85147,GWR,MOHC-HadGEM2-ES,SMHI-RCA4,rcp85,r1i1p1,v1,1970-01-01,2099-12-31,0,1501
85147,GWR-sm,MOHC-HadGEM2-ES,SMHI-RCA4,rcp85,r1i1p1,v1,1970-01-01,2099-12-31,0,1147.3
85147,LAI-sm,MOHC-HadGEM2-ES,SMHI-RCA4,rcp85,r1i1p1,v1,1970-01-01,2099-12-31,0.1,9.2
85147,SL-sm,MOHC-HadGEM2-ES,SMHI-RCA4,rcp85,r1i1p1,v1,1970-01-01,2099-12-31,70,159
85147,yield-sm,MOHC-HadGEM2-ES,SMHI-RCA4,rcp85,r1i1p1,v1,1970-01-01,2099-12-31,0.272,243.926
85151,AET,MOHC-HadGEM2-ES,UHOH-WRF361H,rcp85,r1i1p1,v1,1970-01-01,2099-12-31,223,620.3
85151,AET-ww,MOHC-HadGEM2-ES,UHOH-WRF361H,rcp85,r1i1p1,v1,1970-01-01,2099-12-31,140.1,530.7
85151,GWR,MOHC-HadGEM2-ES,UHOH-WRF361H,rcp85,r1i1p1,v1,1970-01-01,2099-12-31,0,1501.4
85151,GWR-ww,MOHC-HadGEM2-ES,UHOH-WRF361H,rcp85,r1i1p1,v1,1970-01-01,2099-12-31,0,1253.5
85151,LAI-ww,MOHC-HadGEM2-ES,UHOH-WRF361H,rcp85,r1i1p1,v1,1970-01-01,2099-12-31,2.2,13.9
85151,SL-ww,MOHC-HadGEM2-ES,UHOH-WRF361H,rcp85,r1i1p1,v1,1970-01-01,2099-12-31,227,341
85151,yield-ww,MOHC-HadGEM2-ES,UHOH-WRF361H,rcp85,r1i1p1,v1,1970-01-01,2099-12-31,0,110.668
85157,AET,MOHC-HadGEM2-ES,UHOH-WRF361H,rcp85,r1i1p1,v1,1970-01-01,2099-12-31,232.3,815.3
85157,AET-sm,MOHC-HadGEM2-ES,UHOH-WRF361H,rcp85,r1i1p1,v1,1970-01-01,2099-12-31,62.6,647.7
85157,GWR,MOHC-HadGEM2-ES,UHOH-WRF361H,rcp85,r1i1p1,v1,1970-01-01,2099-12-31,0,1509.3
85157,GWR-sm,MOHC-HadGEM2-ES,UHOH-WRF361H,rcp85,r1i1p1,v1,1970-01-01,2099-12-31,0,1121.5
85157,LAI-sm,MOHC-HadGEM2-ES,UHOH-WRF361H,rcp85,r1i1p1,v1,1970-01-01,2099-12-31,0.1,8.8
85157,SL-sm,MOHC-HadGEM2-ES,UHOH-WRF361H,rcp85,r1i1p1,v1,1970-01-01,2099-12-31,74,159
85157,yield-sm,MOHC-HadGEM2-ES,UHOH-WRF361H,rcp85,r1i1p1,v1,1970-01-01,2099-12-31,0.436,233.879
85161,AET,MPI-M-MPI-ESM-LR,CLMcom-CCLM4-8-17,rcp85,r1i1p1,v1,1970-01-01,2099-12-31,223.8,613.2
85161,AET-ww,MPI-M-MPI-ESM-LR,CLMcom-CCLM4-8-17,rcp85,r1i1p1,v1,1970-01-01,2099-12-31,151.9,538.7
85161,GWR,MPI-M-MPI-ESM-LR,CLMcom-CCLM4-8-17,rcp85,r1i1p1,v1,1970-01-01,2099-12-31,0,1891.7
85161,GWR-ww,MPI-M-MPI-ESM-LR,CLMcom-CCLM4-8-17,rcp85,r1i1p1,v1,1970-01-01,2099-12-31,0,1588.8
85161,LAI-ww,MPI-M-MPI-ESM-LR,CLMcom-CCLM4-8-17,rcp85,r1i1p1,v1,1970-01-01,2099-12-31,1,12.6
85161,SL-ww,MPI-M-MPI-ESM-LR,CLMcom-CCLM4-8-17,rcp85,r1i1p1,v1,1970-01-01,2099-12-31,235,341
85161,yield-ww,MPI-M-MPI-ESM-LR,CLMcom-CCLM4-8-17,rcp85,r1i1p1,v1,1970-01-01,2099-12-31,0,110.365
85167,AET,MPI-M-MPI-ESM-LR,CLMcom-CCLM4-8-17,rcp85,r1i1p1,v1,1970-01-01,2099-12-31,237.3,765.5
85167,AET-sm,MPI-M-MPI-ESM-LR,CLMcom-CCLM4-8-17,rcp85,r1i1p1,v1,1970-01-01,2099-12-31,112.4,617.2
85167,GWR,MPI-M-MPI-ESM-LR,CLMcom-CCLM4-8-17,rcp85,r1i1p1,v1,1970-01-01,2099-12-31,0,1834.3
85167,GWR-sm,MPI-M-MPI-ESM-LR,CLMcom-CCLM4-8-17,rcp85,r1i1p1,v1,1970-01-01,2099-12-31,0,1071.3
85167,LAI-sm,MPI-M-MPI-ESM-LR,CLMcom-CCLM4-8-17,rcp85,r1i1p1,v1,1970-01-01,2099-12-31,0.2,9.2
85167,SL-sm,MPI-M-MPI-ESM-LR,CLMcom-CCLM4-8-17,rcp85,r1i1p1,v1,1970-01-01,2099-12-31,82,159
85167,yield-sm,MPI-M-MPI-ESM-LR,CLMcom-CCLM4-8-17,rcp85,r1i1p1,v1,1970-01-01,2099-12-31,9.581,237.252
85171,AET,MPI-M-MPI-ESM-LR,MPI-CSC-REMO2009,rcp85,r1i1p1,v1,1970-01-01,2099-12-31,194.5,613.1
85171,AET-ww,MPI-M-MPI-ESM-LR,MPI-CSC-REMO2009,rcp85,r1i1p1,v1,1970-01-01,2099-12-31,156.8,544.2
85171,GWR,MPI-M-MPI-ESM-LR,MPI-CSC-REMO2009,rcp85,r1i1p1,v1,1970-01-01,2099-12-31,0,1838.2
85171,GWR-ww,MPI-M-MPI-ESM-LR,MPI-CSC-REMO2009,rcp85,r1i1p1,v1,1970-01-01,2099-12-31,0,1316.2
85171,LAI-ww,MPI-M-MPI-ESM-LR,MPI-CSC-REMO2009,rcp85,r1i1p1,v1,1970-01-01,2099-12-31,2.8,14.9
85171,SL-ww,MPI-M-MPI-ESM-LR,MPI-CSC-REMO2009,rcp85,r1i1p1,v1,1970-01-01,2099-12-31,237,341
85171,yield-ww,MPI-M-MPI-ESM-LR,MPI-CSC-REMO2009,rcp85,r1i1p1,v1,1970-01-01,2099-12-31,0,116.044
85177,AET,MPI-M-MPI-ESM-LR,MPI-CSC-REMO2009,rcp85,r1i1p1,v1,1970-01-01,2099-12-31,226.4,784.1
85177,AET-sm,MPI-M-MPI-ESM-LR,MPI-CSC-REMO2009,rcp85,r1i1p1,v1,1970-01-01,2099-12-31,117.1,598.1
85177,GWR,MPI-M-MPI-ESM-LR,MPI-CSC-REMO2009,rcp85,r1i1p1,v1,1970-01-01,2099-12-31,0,1685.7
85177,GWR-sm,MPI-M-MPI-ESM-LR,MPI-CSC-REMO2009,rcp85,r1i1p1,v1,1970-01-01,2099-12-31,0,1083.3
85177,LAI-sm,MPI-M-MPI-ESM-LR,MPI-CSC-REMO2009,rcp85,r1i1p1,v1,1970-01-01,2099-12-31,0.3,9.2
85177,SL-sm,MPI-M-MPI-ESM-LR,MPI-CSC-REMO2009,rcp85,r1i1p1,v1,1970-01-01,2099-12-31,78,159
85177,yield-sm,MPI-M-MPI-ESM-LR,MPI-CSC-REMO2009,rcp85,r1i1p1,v1,1970-01-01,2099-12-31,6.396,257.414
85181,AET,MPI-M-MPI-ESM-LR,MPI-CSC-REMO2009,rcp85,r2i1p1,v1,1970-01-01,2099-12-31,206.4,616.3
85181,AET-ww,MPI-M-MPI-ESM-LR,MPI-CSC-REMO2009,rcp85,r2i1p1,v1,1970-01-01,2099-12-31,167.3,543.3
85181,GWR,MPI-M-MPI-ESM-LR,MPI-CSC-REMO2009,rcp85,r2i1p1,v1,1970-01-01,2099-12-31,0,1400
85181,GWR-ww,MPI-M-MPI-ESM-LR,MPI-CSC-REMO2009,rcp85,r2i1p1,v1,1970-01-01,2099-12-31,0,1442.7
85181,LAI-ww,MPI-M-MPI-ESM-LR,MPI-CSC-REMO2009,rcp85,r2i1p1,v1,1970-01-01,2099-12-31,1.9,13.5
85181,SL-ww,MPI-M-MPI-ESM-LR,MPI-CSC-REMO2009,rcp85,r2i1p1,v1,1970-01-01,2099-12-31,232,341
85181,yield-ww,MPI-M-MPI-ESM-LR,MPI-CSC-REMO2009,rcp85,r2i1p1,v1,1970-01-01,2099-12-31,0,116.636
85187,AET,MPI-M-MPI-ESM-LR,MPI-CSC-REMO2009,rcp85,r2i1p1,v1,1970-01-01,2099-12-31,264.9,758.7
85187,AET-sm,MPI-M-MPI-ESM-LR,MPI-CSC-REMO2009,rcp85,r2i1p1,v1,1970-01-01,2099-12-31,114.8,627.1
85187,GWR,MPI-M-MPI-ESM-LR,MPI-CSC-REMO2009,rcp85,r2i1p1,v1,1970-01-01,2099-12-31,0,1366.8
85187,GWR-sm,MPI-M-MPI-ESM-LR,MPI-CSC-REMO2009,rcp85,r2i1p1,v1,1970-01-01,2099-12-31,0,852
85187,LAI-sm,MPI-M-MPI-ESM-LR,MPI-CSC-REMO2009,rcp85,r2i1p1,v1,1970-01-01,2099-12-31,0.1,9.3
85187,SL-sm,MPI-M-MPI-ESM-LR,MPI-CSC-REMO2009,rcp85,r2i1p1,v1,1970-01-01,2099-12-31,71,159
85187,yield-sm,MPI-M-MPI-ESM-LR,MPI-CSC-REMO2009,rcp85,r2i1p1,v1,1970-01-01,2099-12-31,0.37,244.589
85191,AET,MPI-M-MPI-ESM-LR,SMHI-RCA4,rcp85,r1i1p1,v1a,1970-01-01,2099-12-31,210.3,611.7
85191,AET-ww,MPI-M-MPI-ESM-LR,SMHI-RCA4,rcp85,r1i1p1,v1a,1970-01-01,2099-12-31,175.4,537.8
85191,GWR,MPI-M-MPI-ESM-LR,SMHI-RCA4,rcp85,r1i1p1,v1a,1970-01-01,2099-12-31,0,1518.8
85191,GWR-ww,MPI-M-MPI-ESM-LR,SMHI-RCA4,rcp85,r1i1p1,v1a,1970-01-01,2099-12-31,0,1313
85191,LAI-ww,MPI-M-MPI-ESM-LR,SMHI-RCA4,rcp85,r1i1p1,v1a,1970-01-01,2099-12-31,2.8,12.6
85191,SL-ww,MPI-M-MPI-ESM-LR,SMHI-RCA4,rcp85,r1i1p1,v1a,1970-01-01,2099-12-31,224,341
85191,yield-ww,MPI-M-MPI-ESM-LR,SMHI-RCA4,rcp85,r1i1p1,v1a,1970-01-01,2099-12-31,0,116.352
85197,AET,MPI-M-MPI-ESM-LR,SMHI-RCA4,rcp85,r1i1p1,v1a,1970-01-01,2099-12-31,232,782.3
85197,AET-sm,MPI-M-MPI-ESM-LR,SMHI-RCA4,rcp85,r1i1p1,v1a,1970-01-01,2099-12-31,127.8,611.8
85197,GWR,MPI-M-MPI-ESM-LR,SMHI-RCA4,rcp85,r1i1p1,v1a,1970-01-01,2099-12-31,0,1531.8
85197,GWR-sm,MPI-M-MPI-ESM-LR,SMHI-RCA4,rcp85,r1i1p1,v1a,1970-01-01,2099-12-31,0,1011.3
85197,LAI-sm,MPI-M-MPI-ESM-LR,SMHI-RCA4,rcp85,r1i1p1,v1a,1970-01-01,2099-12-31,0.2,9.2
85197,SL-sm,MPI-M-MPI-ESM-LR,SMHI-RCA4,rcp85,r1i1p1,v1a,1970-01-01,2099-12-31,81,157
85197,yield-sm,MPI-M-MPI-ESM-LR,SMHI-RCA4,rcp85,r1i1p1,v1a,1970-01-01,2099-12-31,6.484,264.766
85201,AET,MPI-M-MPI-ESM-LR,UHOH-WRF361H,rcp85,r1i1p1,v1,1970-01-01,2099-12-31,212.8,640.5
85201,AET-ww,MPI-M-MPI-ESM-LR,UHOH-WRF361H,rcp85,r1i1p1,v1,1970-01-01,2099-12-31,178.4,532.2
85201,GWR,MPI-M-MPI-ESM-LR,UHOH-WRF361H,rcp85,r1i1p1,v1,1970-01-01,2099-12-31,0,1561
85201,GWR-ww,MPI-M-MPI-ESM-LR,UHOH-WRF361H,rcp85,r1i1p1,v1,1970-01-01,2099-12-31,0,1287.4
85201,LAI-ww,MPI-M-MPI-ESM-LR,UHOH-WRF361H,rcp85,r1i1p1,v1,1970-01-01,2099-12-31,1.9,13.9
85201,SL-ww,MPI-M-MPI-ESM-LR,UHOH-WRF361H,rcp85,r1i1p1,v1,1970-01-01,2099-12-31,228,341
85201,yield-ww,MPI-M-MPI-ESM-LR,UHOH-WRF361H,rcp85,r1i1p1,v1,1970-01-01,2099-12-31,0,115.859
85207,AET,MPI-M-MPI-ESM-LR,UHOH-WRF361H,rcp85,r1i1p1,v1,1970-01-01,2099-12-31,210.1,767.8
85207,AET-sm,MPI-M-MPI-ESM-LR,UHOH-WRF361H,rcp85,r1i1p1,v1,1970-01-01,2099-12-31,115.8,608.9
85207,GWR,MPI-M-MPI-ESM-LR,UHOH-WRF361H,rcp85,r1i1p1,v1,1970-01-01,2099-12-31,0,1592.6
85207,GWR-sm,MPI-M-MPI-ESM-LR,UHOH-WRF361H,rcp85,r1i1p1,v1,1970-01-01,2099-12-31,0,1099.1
85207,LAI-sm,MPI-M-MPI-ESM-LR,UHOH-WRF361H,rcp85,r1i1p1,v1,1970-01-01,2099-12-31,0.2,8.7
85207,SL-sm,MPI-M-MPI-ESM-LR,UHOH-WRF361H,rcp85,r1i1p1,v1,1970-01-01,2099-12-31,83,159
85207,yield-sm,MPI-M-MPI-ESM-LR,UHOH-WRF361H,rcp85,r1i1p1,v1,1970-01-01,2099-12-31,1.898,238.187
