variable,u,v,s,t,lon,lat,time
shortname,uPIV,vPIV,sPIV,tPIV,lon,lat,time
longname,Eastward Wind from PIV,Westward Wind from PIV,Rows Displacement from PIV,Columns Displacement from PIV,longitude,latitude,time
standardname ,eastward_wind_piv,northward_wind_piv,rows_displacement_piv,cols_displacement_piv,longitude,latitude,-
units,m s -1 ,m s -1 ,rows_displacement_magnitude,cols_displacement_magnitude,degrees_east,degrees_north,hours since 1971-01-01 00:00:00
calendar,-,-,-,-,-,-,julian
description,Zonal wind estimated using Particle Image Velocimetry (PIV:  positive in a eastward direction).,Meridional wind estimated using Particle Image Velocimetry (PIV:  positive in a northward direction). ,-,-,-,-,-
